Marque,Modele,Annee,Kilometrage,Carburant,Boite Vitesse,Puissance Fiscale,Etat Generale,Prix
Hyundai,VELOSTER,2013,188000,Essence,Automatique,8.0,Occasion,36000
Suzuki,Celerio,2023,35400,Essence,Manuelle,4.0,Occasion,38500
Toyota,Rav 4,2023,58800,Hybride,Automatique,9.0,Occasion,138000
Volkswagen,Golf 7,2017,116000,Essence,Manuelle,6.0,Occasion,72000
Mercedes,Classe C,2018,200000,Diesel,Automatique,6.0,Occasion,122000
Dacia,AUTRE,2022,80000,Essence,Manuelle,5.0,Occasion,75000
Toyota,Autres,2021,154000,Diesel,Manuelle,4.0,Occasion,65000
Peugeot,208,2016,160000,Essence,Manuelle,5.0,Occasion,26000
Dacia,DUSTER,2015,78000,Essence,Automatique,9.0,Occasion,40000
Peugeot,508,2011,58857,Diesel,Automatique,6.0,Occasion,26000
Fiat,PUNTO,1996,58857,Essence,Manuelle,4.0,Occasion,13000
Hyundai,I10,2017,94000,Essence,Manuelle,4.0,Occasion,29000
Mini,AUTRE,2006,200000,Essence,Manuelle,7.0,Occasion,25500
Mercedes,GLC,2015,37000,Diesel,Automatique,9.0,Occasion,149000
Citroen,JUMPY,2020,120000,Diesel,Manuelle,6.0,Occasion,57000
Volkswagen,Polo,2022,294000,Essence,Manuelle,5.0,Occasion,29500
Peugeot,207,2011,103000,Diesel,Manuelle,5.0,Occasion,9000
Mercedes,Classe A,2019,69600,Essence,Manuelle,7.0,Occasion,105000
Mahindra,KUV 100,2019,130000,Essence,Manuelle,5.0,Occasion,27000
Seat,Ibiza,2020,118000,Essence,Manuelle,5.0,Occasion,43800
Toyota,Yaris,2015,174000,Essence,Manuelle,5.0,Occasion,38000
Citroen,BERLINGO,2012,267,Diesel,Manuelle,5.0,Occasion,32000
Kia,PICANTO,2021,88000,Essence,Manuelle,4.0,Occasion,36500
Peugeot,308,2009,203000,Essence,Manuelle,6.0,Occasion,25000
Renault,Clio,2023,43000,Essence,Automatique,4.0,Occasion,33500
Peugeot,208,2018,80000,Essence,Manuelle,5.0,Occasion,30500
Opel,Kadett,2000,58857,Essence,Manuelle,6.0,Occasion,5500
Volkswagen,Polo,2000,58857,Essence,Manuelle,4.0,Occasion,13200
Dacia,LOGAN,2011,300000,Diesel,Manuelle,5.0,Occasion,13000
Volkswagen,Polo,2019,198000,Essence,Manuelle,4.0,Occasion,40000
Fiat,PANDA,2022,130000,Essence,Manuelle,4.0,Occasion,37000
Fiat,FIORINO,2022,190000,Diesel,Manuelle,5.0,Occasion,31000
Peugeot,308,2008,195000,Essence,Automatique,5.0,Occasion,26500
Opel,Corsa,2023,58857,Essence,Manuelle,5.0,Occasion,33800
Volkswagen,Polo,2024,20000,Essence,Manuelle,6.0,Occasion,62000
Mahindra,KUV 100,2022,51000,Essence,Manuelle,4.0,Occasion,30000
Chery,Tiggo,2019,160000,Essence,Manuelle,8.0,Occasion,50000
Kia,AUTRE,2020,71000,Essence,Automatique,8.0,Occasion,84000
Peugeot,508,2013,242,Essence,Automatique,7.0,Occasion,30000
Abarth,500,2011,180000,Essence,Manuelle,8.0,occasion,42500
Alfa Romeo,Giulietta,2018,146,Essence,Manuelle,7.0,occasion,39500
Alfa Romeo,Giulietta,2018,85,Essence,Manuelle,7.0,occasion,51000
Alfa Romeo,Giulietta,2018,80,Essence,Manuelle,7.0,occasion,49000
Alfa Romeo,Giulietta,2018,80,Essence,Automatique,9.0,occasion,47000
Alfa Romeo,Giulietta,2018,85,Essence,Automatique,9.0,occasion,44000
Alfa Romeo,Mito,2010,245000,Essence,Manuelle,5.0,occasion,26000
Alfa Romeo,Stelvio,2019,98000,Essence,Automatique,17.0,occasion,137000
Audi,A1 Sportback,2012,270,Diesel,Automatique,5.0,occasion,39500
Audi,A1 Sportback,2013,174,Essence,Manuelle,6.0,occasion,54900
Audi,A1 Sportback,2023,71,Essence,Automatique,6.0,occasion,83000
Audi,A1 Sportback,2024,35,Essence,Automatique,6.0,occasion,98000
Audi,A1 Sportback,2012,199,Diesel,Automatique,5.0,occasion,35900
Audi,A1 Sportback,2012,270,Essence,Manuelle,5.0,occasion,46000
Audi,A3 Berline,2019,122,Essence,Automatique,6.0,occasion,73000
Audi,A3 Berline,2014,156,Essence,Manuelle,6.0,occasion,55500
Audi,A3 Berline,2019,122,Essence,Automatique,6.0,occasion,85000
Audi,A3 Berline,2019,178,Essence,Automatique,6.0,occasion,81000
Audi,A3 Berline,2015,139,Essence,Manuelle,5.0,occasion,55000
Audi,A3 Berline,2015,200,Essence,Manuelle,5.0,occasion,54000
Audi,A3 Berline,2019,178,Essence,Manuelle,6.0,occasion,59500
Audi,A3 Berline,2015,272,Essence,Manuelle,5.0,occasion,55000
Audi,A3 Berline,2014,156,Essence,Manuelle,10.0,occasion,49000
Audi,A3 Berline,2015,139,Essence,Manuelle,6.0,occasion,65000
Audi,A3 Berline,2019,97,Essence,Automatique,6.0,occasion,72000
Audi,A3 Sportback,2017,200,Essence,Manuelle,6.0,occasion,57000
Audi,A3 Sportback,2025,3,Essence,Automatique,8.0,occasion,135000
Audi,A3 Sportback,2025,4,Hybride,Automatique,8.0,occasion,175000
Audi,A3 Sportback,2014,162,Essence,Manuelle,5.0,occasion,49500
Audi,A3 Sportback,2025,3,Hybride,Automatique,8.0,occasion,175000
Audi,A3 Sportback,2016,160,Essence,Manuelle,6.0,occasion,63000
Audi,A3 Sportback,2014,194,Essence,Manuelle,6.0,occasion,57000
Audi,A3 Sportback,2020,93,Diesel,Manuelle,6.0,occasion,87000
Audi,A3 Sportback,2021,158,Essence,Manuelle,6.0,occasion,99500
Audi,A3 Sportback,2014,194,Diesel,Manuelle,6.0,occasion,37500
Audi,A3 Sportback,2021,158,Hybride,Automatique,8.0,occasion,129000
Audi,A3 Sportback,2020,93,Essence,Manuelle,6.0,occasion,70000
Audi,A3,2014,194,Essence,Automatique,5.0,occasion,45500
Audi,A3,2014,243,Essence,Manuelle,5.0,occasion,52000
Audi,A3,2014,194,Diesel,Manuelle,6.0,occasion,39000
Audi,A3,2014,243,Diesel,Manuelle,6.0,occasion,57000
Audi,A4,2011,233,Essence,Automatique,11.0,occasion,48000
Audi,A4,2011,218,Essence,Manuelle,7.0,occasion,37000
Audi,A4,2017,215,Essence,Automatique,8.0,occasion,79000
Audi,A4,2017,168,Essence,Automatique,8.0,occasion,69000
Audi,A4,2018,126,Essence,Automatique,8.0,occasion,82000
Audi,A4,2014,178,Essence,Manuelle,7.0,occasion,40000
Audi,A4,2013,200,Essence,Manuelle,7.0,occasion,49000
Audi,A4,2017,215,Essence,Automatique,8.0,occasion,70000
Audi,A4,2011,218,Essence,Manuelle,7.0,occasion,30000
Audi,A4,2015,111,Essence,Manuelle,7.0,occasion,57000
Audi,A4,2004,316,Diesel,Manuelle,5.0,occasion,17200
Audi,A4,2015,67,Essence,Manuelle,7.0,occasion,55000
Audi,A4,2011,177,Essence,Automatique,7.0,occasion,43000
Audi,A4,2018,97,Essence,Automatique,8.0,occasion,68000
Audi,A4,2003,276,Diesel,Automatique,7.0,occasion,22000
Audi,A4,2011,177,Essence,Manuelle,7.0,occasion,38000
Audi,A4,2018,97,Essence,Automatique,8.0,occasion,73000
Audi,A4,2015,111,Essence,Automatique,8.0,occasion,69000
Audi,A5 Cabriolet,2012,150000,Essence,Automatique,9.0,occasion,65000
Audi,A5 Sportback,2021,160,Essence,Automatique,8.0,occasion,140000
Audi,A5 Sportback,2018,115,Essence,Automatique,8.0,occasion,88500
Audi,A5 Sportback,2015,140,Diesel,Automatique,8.0,occasion,67000
Audi,A5 Sportback,2021,94,Essence,Automatique,8.0,occasion,95000
Audi,A5 Sportback,2020,97,Essence,Automatique,8.0,occasion,123000
Audi,A5 Sportback,2019,75,Essence,Automatique,8.0,occasion,119000
Audi,A5 Sportback,2020,164,Essence,Automatique,8.0,occasion,138000
Audi,A5 Sportback,2020,140,Essence,Automatique,8.0,occasion,129000
Audi,A5 Sportback,2021,96,Essence,Automatique,8.0,occasion,175000
Audi,A5 Sportback,2021,79,Essence,Automatique,8.0,occasion,128000
Audi,A5 Sportback,2020,97,Essence,Automatique,8.0,occasion,115000
Audi,A5 Sportback,2020,125,Essence,Automatique,8.0,occasion,97000
Audi,A5 Sportback,2020,158,Essence,Automatique,8.0,occasion,118000
Audi,A5 Sportback,2018,215,Essence,Automatique,10.0,occasion,59000
Audi,A5 Sportback,2021,96,Essence,Automatique,8.0,occasion,158000
Audi,A6,2011,240,Essence,Automatique,11.0,occasion,42000
Audi,A6,2012,239,Essence,Automatique,10.0,occasion,46000
Audi,A6,2011,240,Diesel,Manuelle,9.0,occasion,64000
Audi,A6,2012,239,Essence,Automatique,10.0,occasion,75000
Audi,A7 Sportback,2019,63000,Hybride,Automatique,23.0,occasion,270000
Audi,E Tron Sportback,2020,70,Electrique,Automatique,12.0,occasion,159000
Audi,E Tron Sportback,2020,32,Electrique,Automatique,12.0,occasion,180000
Audi,E Tron,2019,55,Electrique,Automatique,12.0,occasion,160000
Audi,E Tron,2020,72,Electrique,Automatique,12.0,occasion,170000
Audi,Q2,2021,38,Essence,Automatique,8.0,occasion,97000
Audi,Q2,2021,38,Essence,Automatique,8.0,occasion,116000
Audi,Q2,2021,59,Essence,Automatique,8.0,occasion,110000
Audi,Q2,2021,46,Essence,Automatique,8.0,occasion,119000
Audi,Q2,2021,59,Essence,Automatique,6.0,occasion,85000
Audi,Q3 Sportback,2021,85,Essence,Automatique,9.0,occasion,135000
Audi,Q3 Sportback,2020,120,Hybride,Automatique,8.0,occasion,145000
Audi,Q3 Sportback,2021,70,Hybride,Automatique,8.0,occasion,160000
Audi,Q3 Sportback,2022,45,Hybride,Automatique,8.0,occasion,159000
Audi,Q3 Sportback,2020,120,Essence,Automatique,9.0,occasion,168000
Audi,Q3 Sportback,2021,85,Essence,Automatique,9.0,occasion,140000
Audi,Q3 Sportback,2022,45,Hybride,Automatique,8.0,occasion,158000
Audi,Q3 Sportback,2021,59,Essence,Automatique,9.0,occasion,139000
Audi,Q3 Sportback,2020,116,Diesel,Automatique,8.0,occasion,150000
Audi,Q3 Sportback,2021,70,Hybride,Automatique,8.0,occasion,162000
Audi,Q3 Sportback,2020,116,Essence,Manuelle,8.0,occasion,125000
Audi,Q3,2017,190,Essence,Automatique,8.0,occasion,78000
Audi,Q3,2015,141,Essence,Automatique,10.0,occasion,68000
Audi,Q3,2020,45,Essence,Automatique,9.0,occasion,155000
Audi,Q3,2020,45,Essence,Automatique,9.0,occasion,115000
Audi,Q3,2017,64,Essence,Automatique,8.0,occasion,78000
Audi,Q3,2017,190,Essence,Automatique,8.0,occasion,82500
Audi,Q3,2019,112,Essence,Automatique,9.0,occasion,117000
Audi,Q3,2017,142,Essence,Automatique,8.0,occasion,85000
Audi,Q3,2018,160,Essence,Automatique,8.0,occasion,99000
Audi,Q3,2019,112,Hybride,Automatique,9.0,occasion,150000
Audi,Q3,2017,142,Essence,Automatique,8.0,occasion,98000
Audi,Q3,2019,129,Essence,Automatique,9.0,occasion,118000
Audi,Q3,2018,71,Essence,Automatique,8.0,occasion,80000
Audi,Q3,2017,125,Essence,Automatique,8.0,occasion,85000
Audi,Q3,2017,64,Essence,Automatique,8.0,occasion,85000
Audi,Q4 E Tron,2022,40000,Electrique,Automatique,11.0,occasion,170000
Audi,Q5,2008,370,Essence,Automatique,13.0,occasion,45000
Audi,Q5,2014,32,Essence,Manuelle,14.0,occasion,59000
Audi,Q5,2009,194,Diesel,Automatique,15.0,occasion,60000
Audi,Q5,2020,149,Essence,Automatique,12.0,occasion,195000
Audi,Q5,2016,112,Essence,Automatique,15.0,occasion,90000
Audi,Q5,2014,260,Diesel,Automatique,10.0,occasion,72000
Audi,Q5,2016,112,Essence,Automatique,13.0,occasion,95000
Audi,Q5,2016,69,Diesel,Automatique,8.0,occasion,96000
Audi,Q5,2020,149,Hybride,Automatique,15.0,occasion,205000
Audi,Q5,2020,74,Hybride,Automatique,16.0,occasion,225000
Audi,Q5,2016,69,Diesel,Manuelle,8.0,occasion,135000
Audi,Q5,2020,111,Hybride,Automatique,9.0,occasion,158000
Audi,Q5,2017,83,Diesel,Automatique,11.0,occasion,136000
Audi,Q5,2013,258,Diesel,Manuelle,8.0,occasion,78000
Audi,Q5,2014,230,Diesel,Manuelle,8.0,occasion,119000
Audi,Q7,2010,262,Diesel,Automatique,16.0,occasion,99000
Audi,Q7,2007,248,Diesel,Automatique,16.0,occasion,58000
Audi,Q7,2008,350,Diesel,Automatique,16.0,occasion,59000
Audi,Q7,2019,175,Diesel,Automatique,15.0,occasion,230000
Audi,Q7,2008,350,Diesel,Automatique,16.0,occasion,64000
Audi,Q7,2019,84,Essence,Automatique,16.0,occasion,395000
Audi,Q7,2019,84,Diesel,Automatique,15.0,occasion,260000
Audi,Q8 E Tron,2023,26000,Electrique,Automatique,12.0,occasion,185000
Audi,Q8 Sportback E Tron,2025,214,Electrique,Automatique,12.0,occasion,300000
Audi,Q8,2021,22,Hybride,Automatique,23.0,occasion,360000
Audi,Q8,2021,22,Hybride,Automatique,23.0,occasion,350000
Audi,Q8,2021,71,Hybride,Automatique,19.0,occasion,288000
Audi,S5,2010,148000,Essence,Manuelle,27.0,occasion,95000
Audi,Tt,2022,42000,Essence,Automatique,15.0,occasion,235000
Baic Yx,Kenbo S3,2018,110000,Essence,Manuelle,7.0,occasion,38000
Bmw,Autre,2012,179000,Essence,Automatique,7.0,occasion,45000
Bmw,I4,2025,3,Electrique,Automatique,6.0,occasion,176000
Bmw,I4,2023,7,Electrique,Automatique,7.0,occasion,220000
Bmw,Ix,2023,32000,Electrique,Automatique,7.0,occasion,239000
Bmw,Ix3,2022,51000,Electrique,Automatique,6.0,occasion,165000
Bmw,Serie 1 3P,2010,182000,Essence,Manuelle,7.0,occasion,36000
Bmw,Serie 1 5P,2016,47,Essence,Automatique,9.0,occasion,62000
Bmw,Serie 1 5P,2012,137,Essence,Automatique,7.0,occasion,48000
Bmw,Serie 1 5P,2018,114,Essence,Manuelle,7.0,occasion,72000
Bmw,Serie 1 5P,2020,124,Essence,Automatique,8.0,occasion,106000
Bmw,Serie 1 5P,2018,140,Essence,Manuelle,7.0,occasion,85000
Bmw,Serie 1 5P,2010,180,Essence,Manuelle,7.0,occasion,38000
Bmw,Serie 1 5P,2020,124,Essence,Automatique,8.0,occasion,111000
Bmw,Serie 1 5P,2021,92,Essence,Automatique,6.0,occasion,93000
Bmw,Serie 1 5P,2025,793,Essence,Automatique,6.0,occasion,138000
Bmw,Serie 1 5P,2012,208,Diesel,Manuelle,6.0,occasion,46000
Bmw,Serie 1 5P,2020,100,Essence,Automatique,8.0,occasion,99500
Bmw,Serie 1 5P,2010,200,Essence,Manuelle,7.0,occasion,36500
Bmw,Serie 1 5P,2018,114,Essence,Automatique,7.0,occasion,59000
Bmw,Serie 1 5P,2020,100,Essence,Automatique,8.0,occasion,84000
Bmw,Serie 1 5P,2012,137,Essence,Automatique,7.0,occasion,50000
Bmw,Serie 1 5P,2021,43,Essence,Automatique,8.0,occasion,108000
Bmw,Serie 1 5P,2010,200,Essence,Manuelle,8.0,occasion,32000
Bmw,Serie 1 5P,2013,260,Essence,Manuelle,7.0,occasion,44000
Bmw,Serie 1 5P,2024,13,Essence,Automatique,8.0,occasion,145000
Bmw,Serie 1 5P,2017,150,Essence,Automatique,7.0,occasion,94000
Bmw,Serie 1 5P,2020,119,Essence,Manuelle,7.0,occasion,75000
Bmw,Serie 1 5P,2016,47,Essence,Manuelle,7.0,occasion,56000
Bmw,Serie 1 5P,2013,180,Essence,Automatique,7.0,occasion,54500
Bmw,Serie 1 5P,2020,110,Essence,Automatique,8.0,occasion,78000
Bmw,Serie 2 Gran Coupe,2021,77,Essence,Automatique,8.0,occasion,135000
Bmw,Serie 2 Gran Coupe,2021,59,Essence,Automatique,8.0,occasion,136000
Bmw,Serie 2 Gran Coupe,2021,77,Essence,Automatique,8.0,occasion,106900
Bmw,Serie 2 Gran Coupe,2021,59,Essence,Automatique,7.0,occasion,132000
Bmw,Serie 3 Cabriolet,2010,126000,Essence,Manuelle,19.0,occasion,85000
Bmw,Serie 3 Coupe,2008,180,Essence,Manuelle,7.0,occasion,39900
Bmw,Serie 3 Coupe,2009,232,Essence,Manuelle,7.0,occasion,57000
Bmw,Serie 3 Coupe,2009,232,Essence,Automatique,9.0,occasion,35000
Bmw,Serie 3 Gt,2015,200000,Essence,Automatique,7.0,occasion,90000
Bmw,Serie 3,2018,135,Essence,Automatique,7.0,occasion,78000
Bmw,Serie 3,2021,73,Hybride,Automatique,9.0,occasion,179000
Bmw,Serie 3,2013,174,Essence,Automatique,7.0,occasion,59000
Bmw,Serie 3,2014,128,Essence,Automatique,7.0,occasion,57000
Bmw,Serie 3,2006,368,Essence,Manuelle,10.0,occasion,28500
Bmw,Serie 3,2012,161,Diesel,Manuelle,6.0,occasion,52500
Bmw,Serie 3,2013,220,Essence,Automatique,10.0,occasion,64000
Bmw,Serie 3,2015,195,Essence,Automatique,7.0,occasion,59000
Bmw,Serie 3,2016,152,Essence,Automatique,7.0,occasion,67000
Bmw,Serie 3,2014,265,Essence,Automatique,7.0,occasion,67000
Bmw,Serie 3,2016,152,Essence,Automatique,7.0,occasion,75000
Bmw,Serie 3,2015,216,Essence,Automatique,7.0,occasion,69000
Bmw,Serie 3,2018,177,Essence,Automatique,7.0,occasion,78000
Bmw,Serie 3,2015,77,Essence,Automatique,7.0,occasion,65000
Bmw,Serie 3,2015,195,Essence,Automatique,10.0,occasion,74000
Bmw,Serie 3,2013,127,Essence,Automatique,15.0,occasion,68000
Bmw,Serie 3,2008,200,Essence,Manuelle,7.0,occasion,30500
Bmw,Serie 3,2016,101,Essence,Automatique,7.0,occasion,59000
Bmw,Serie 3,2015,195,Essence,Automatique,7.0,occasion,54000
Bmw,Serie 3,2019,100,Essence,Automatique,10.0,occasion,129000
Bmw,Serie 3,2020,130,Essence,Automatique,9.0,occasion,138000
Bmw,Serie 3,2015,214,Essence,Automatique,7.0,occasion,58000
Bmw,Serie 3,2020,130,Essence,Automatique,7.0,occasion,85000
Bmw,Serie 3,2010,128,Essence,Manuelle,7.0,occasion,42500
Bmw,Serie 3,2009,167,Essence,Manuelle,7.0,occasion,42500
Bmw,Serie 3,2012,295,Essence,Automatique,7.0,occasion,55000
Bmw,Serie 3,2012,161,Essence,Automatique,7.0,occasion,60000
Bmw,Serie 3,2008,200,Diesel,Manuelle,9.0,occasion,33000
Bmw,Serie 3,2015,180,Essence,Automatique,7.0,occasion,65000
Bmw,Serie 3,2015,216,Essence,Automatique,7.0,occasion,62000
Bmw,Serie 3,2008,320,Essence,Manuelle,7.0,occasion,39000
Bmw,Serie 3,2014,265,Essence,Manuelle,7.0,occasion,52500
Bmw,Serie 3,2016,101,Essence,Automatique,7.0,occasion,85000
Bmw,Serie 4 Coupe,2014,140,Essence,Automatique,10.0,occasion,99000
Bmw,Serie 4 Coupe,2014,140,Essence,Automatique,10.0,occasion,73000
Bmw,Serie 4 Coupe,2015,179,Essence,Automatique,10.0,occasion,88000
Bmw,Serie 4 Coupe,2015,179,Essence,Automatique,7.0,occasion,99000
Bmw,Serie 4 Gran Coupe,2019,90,Essence,Automatique,7.0,occasion,125000
Bmw,Serie 4 Gran Coupe,2017,132,Essence,Automatique,7.0,occasion,95000
Bmw,Serie 4 Gran Coupe,2019,79,Essence,Automatique,7.0,occasion,98000
Bmw,Serie 4 Gran Coupe,2017,108,Essence,Automatique,7.0,occasion,74000
Bmw,Serie 4 Gran Coupe,2017,108,Essence,Automatique,10.0,occasion,127000
Bmw,Serie 4 Gran Coupe,2019,101,Essence,Automatique,7.0,occasion,105000
Bmw,Serie 4 Gran Coupe,2020,132,Essence,Automatique,10.0,occasion,225000
Bmw,Serie 4 Gran Coupe,2015,130,Essence,Automatique,10.0,occasion,85000
Bmw,Serie 4 Gran Coupe,2015,175,Essence,Automatique,10.0,occasion,95000
Bmw,Serie 4 Gran Coupe,2019,101,Essence,Automatique,7.0,occasion,107000
Bmw,Serie 4 Gran Coupe,2019,99,Essence,Automatique,7.0,occasion,117000
Bmw,Serie 5,2012,230,Essence,Automatique,10.0,occasion,79500
Bmw,Serie 5,2022,72,Hybride,Automatique,10.0,occasion,209000
Bmw,Serie 5,2007,216,Diesel,Manuelle,10.0,occasion,57500
Bmw,Serie 5,2020,140,Hybride,Automatique,10.0,occasion,189000
Bmw,Serie 5,2013,179,Diesel,Automatique,12.0,occasion,76000
Bmw,Serie 5,2022,80,Essence,Automatique,10.0,occasion,190000
Bmw,Serie 5,2019,67,Essence,Automatique,10.0,occasion,134500
Bmw,Serie 5,2019,47,Hybride,Automatique,10.0,occasion,160000
Bmw,Serie 5,2021,84,Essence,Automatique,10.0,occasion,195000
Bmw,Serie 5,2021,53,Hybride,Automatique,10.0,occasion,145000
Bmw,Serie 5,2012,202,Essence,Automatique,10.0,occasion,59500
Bmw,Serie 5,2022,72,Essence,Automatique,10.0,occasion,197000
Bmw,Serie 5,2011,320,Diesel,Automatique,10.0,occasion,60000
Bmw,Serie 5,2011,320,Essence,Automatique,10.0,occasion,70000
Bmw,Serie 5,2021,18,Hybride,Automatique,10.0,occasion,205000
Bmw,Serie 5,2008,224,Essence,Automatique,13.0,occasion,42000
Bmw,Serie 5,2008,224,Diesel,Automatique,10.0,occasion,42500
Bmw,Serie 5,2019,129,Hybride,Automatique,8.0,occasion,150000
Bmw,Serie 5,2011,320,Diesel,Automatique,10.0,occasion,61000
Bmw,Serie 5,2019,14,Essence,Automatique,10.0,occasion,195000
Bmw,Serie 6,2005,50,Essence,Automatique,24.0,occasion,120000
Bmw,Serie 6,2005,50,Essence,Automatique,24.0,occasion,120000
Bmw,Serie 7,2010,200,Diesel,Automatique,20.0,occasion,155500
Bmw,Serie 7,2008,220,Essence,Automatique,32.0,occasion,85000
Bmw,Serie 7,2008,220,Diesel,Automatique,15.0,occasion,45000
Bmw,Serie 7,2012,200,Essence,Automatique,15.0,occasion,310000
Bmw,Serie 7,2006,368,Essence,Automatique,36.0,occasion,22000
Bmw,Serie 7,2006,368,Essence,Automatique,22.0,occasion,55000
Bmw,X1,2017,260,Essence,Automatique,7.0,occasion,81000
Bmw,X1,2025,3,Hybride,Automatique,8.0,occasion,238000
Bmw,X1,2020,64,Essence,Automatique,8.0,occasion,119000
Bmw,X1,2019,79,Essence,Automatique,7.0,occasion,97000
Bmw,X1,2024,22,Essence,Automatique,9.0,occasion,188200
Bmw,X1,2017,121,Diesel,Manuelle,6.0,occasion,60000
Bmw,X1,2020,64,Essence,Automatique,7.0,occasion,105000
Bmw,X1,2017,121,Essence,Automatique,9.0,occasion,57000
Bmw,X2,2019,79,Essence,Automatique,7.0,occasion,132000
Bmw,X2,2020,62,Diesel,Automatique,8.0,occasion,145000
Bmw,X2,2020,70,Essence,Automatique,7.0,occasion,124000
Bmw,X2,2020,70,Essence,Automatique,11.0,occasion,145000
Bmw,X3,2013,200,Diesel,Automatique,13.0,occasion,52000
Bmw,X3,2019,56,Essence,Automatique,15.0,occasion,92000
Bmw,X3,2020,80,Essence,Automatique,15.0,occasion,250000
Bmw,X3,2014,185,Diesel,Manuelle,10.0,occasion,75000
Bmw,X3,2014,219,Diesel,Automatique,10.0,occasion,87000
Bmw,X3,2019,56,Essence,Automatique,15.0,occasion,210000
Bmw,X3,2021,18,Diesel,Automatique,8.0,occasion,170000
Bmw,X3,2020,80,Diesel,Automatique,7.0,occasion,185000
Bmw,X3,2019,72,Diesel,Automatique,11.0,occasion,195000
Bmw,X3,2014,185,Essence,Automatique,9.0,occasion,75000
Bmw,X4,2019,51000,Essence,Automatique,11.0,occasion,280000
Bmw,X5,2007,270,Diesel,Automatique,16.0,occasion,52000
Bmw,X5,2010,211,Diesel,Automatique,19.0,occasion,86000
Bmw,X5,2017,105,Diesel,Automatique,14.0,occasion,265000
Bmw,X5,2016,70,Diesel,Automatique,13.0,occasion,123000
Bmw,X5,2007,295,Diesel,Automatique,15.0,occasion,55000
Bmw,X5,2016,226,Essence,Automatique,48.0,occasion,297000
Bmw,X5,2015,152,Diesel,Automatique,13.0,occasion,135000
Bmw,X5,2016,70,Diesel,Automatique,13.0,occasion,185000
Bmw,X5,2010,159,Diesel,Automatique,16.0,occasion,70000
Bmw,X5,2015,185,Diesel,Automatique,13.0,occasion,123000
Bmw,X5,2007,295,Diesel,Automatique,15.0,occasion,66000
Bmw,X5,2007,362,Essence,Automatique,16.0,occasion,29000
Bmw,X5,2010,159,Essence,Automatique,19.0,occasion,75000
Bmw,X6,2011,193,Diesel,Automatique,15.0,occasion,109000
Bmw,X6,2016,90,Diesel,Automatique,16.0,occasion,265000
Bmw,X6,2019,90,Essence,Automatique,34.0,occasion,198000
Bmw,X6,2011,195,Diesel,Automatique,15.0,occasion,99000
Bmw,X6,2008,291,Essence,Automatique,22.0,occasion,89000
Bmw,X6,2008,175,Diesel,Automatique,11.0,occasion,80000
Bmw,Xm,2024,25232,Hybride,Automatique,19.0,occasion,595000
Bmw,Z4,2010,147000,Essence,Automatique,13.0,occasion,98000
Byd,Sealion 7,2025,1,Electrique,Automatique,5.0,occasion,220000
Byd,Sealion 7,2025,1,Electrique,Automatique,5.0,occasion,189000
Byd,Song Plus,2025,10,Hybride,Automatique,7.0,occasion,123500
Byd,Song,2022,45000,Essence,Automatique,9.0,occasion,84000
Byd,Tang,2023,44000,Essence,Automatique,11.0,occasion,105000
Cadillac,Ats,2014,58000,Essence,Automatique,18.0,occasion,79000
Cadillac,Escalade,2013,134000,Essence,Automatique,34.0,occasion,180000
Chery,Arrizo 3,2019,130000,Essence,Manuelle,6.0,occasion,32000
Chery,Arrizo 5,2024,22,Essence,Manuelle,7.0,occasion,51500
Chery,Arrizo 5,2019,270,Essence,Automatique,7.0,occasion,30000
Chery,Arrizo 5,2024,22,Essence,Automatique,7.0,occasion,80000
Chery,Arrizo 5,2017,123,Essence,Manuelle,7.0,occasion,28000
Chery,Arrizo 5,2024,10,Essence,Manuelle,7.0,occasion,50500
Chery,Qq,2018,87,Essence,Manuelle,4.0,occasion,21900
Chery,Qq,2017,94,Essence,Manuelle,4.0,occasion,19200
Chery,Tiggo 2,2020,105,Essence,Manuelle,6.0,occasion,39000
Chery,Tiggo 2,2021,64,Essence,Manuelle,6.0,occasion,37500
Chery,Tiggo 2,2020,120,Essence,Manuelle,6.0,occasion,42000
Chery,Tiggo 2,2021,157,Essence,Manuelle,6.0,occasion,43800
Chery,Tiggo 2,2020,88,Essence,Manuelle,6.0,occasion,41000
Chery,Tiggo 2,2020,135,Essence,Manuelle,6.0,occasion,39000
Chery,Tiggo 2,2020,120,Essence,Manuelle,6.0,occasion,37000
Chery,Tiggo 3X,2022,26,Essence,Automatique,6.0,occasion,52000
Chery,Tiggo 3X,2023,5,Essence,Manuelle,6.0,occasion,61000
Chery,Tiggo 3X,2022,68,Essence,Automatique,6.0,occasion,55000
Chery,Tiggo 3X,2022,30,Essence,Automatique,6.0,occasion,56000
Chery,Tiggo 3X,2022,43,Essence,Manuelle,6.0,occasion,47000
Chery,Tiggo 3X,2023,5,Essence,Automatique,6.0,occasion,73000
Chery,Tiggo 3X,2022,43,Essence,Automatique,6.0,occasion,50000
Chery,Tiggo 3X,2021,29,Essence,Automatique,6.0,occasion,51000
Chery,Tiggo 3X,2023,5,Essence,Automatique,6.0,occasion,72520
Chery,Tiggo 3X,2022,66,Essence,Automatique,6.0,occasion,60000
Chery,Tiggo 3X,2022,66,Essence,Automatique,6.0,occasion,46000
Chery,Tiggo 4,2019,120,Essence,Automatique,9.0,occasion,58900
Chery,Tiggo 4,2021,59,Essence,Manuelle,9.0,occasion,58000
Chery,Tiggo 7,2022,85,Essence,Automatique,9.0,occasion,79500
Chery,Tiggo 7,2023,35,Essence,Automatique,9.0,occasion,113800
Chery,Tiggo 7,2021,116,Essence,Automatique,9.0,occasion,56000
Chery,Tiggo 7,2021,116,Essence,Automatique,9.0,occasion,74000
Chery,Tiggo 7,2021,116,Essence,Automatique,9.0,occasion,77000
Chery,Tiggo 7,2023,66,Essence,Automatique,9.0,occasion,99400
Chery,Tiggo 7,2022,45,Essence,Automatique,9.0,occasion,75000
Chery,Tiggo 7,2022,45,Essence,Automatique,9.0,occasion,85972
Chery,Tiggo 7,2023,66,Essence,Automatique,9.0,occasion,82000
Chery,Tiggo 8 Pro,2023,11,Essence,Automatique,11.0,occasion,87000
Chery,Tiggo 8 Pro,2023,11,Essence,Automatique,11.0,occasion,82000
Chery,Tiggo 8 Pro,2023,12,Essence,Automatique,11.0,occasion,91000
Chevrolet,Aveo,2008,159,Essence,Manuelle,5.0,occasion,24000
Chevrolet,Aveo,2008,159,Essence,Manuelle,5.0,occasion,22000
Chevrolet,Camaro,2014,30,Essence,Manuelle,21.0,occasion,130000
Chevrolet,Camaro,2015,135,Essence,Automatique,21.0,occasion,154600
Chevrolet,Captiva,2022,140,Diesel,Manuelle,9.0,occasion,67000
Chevrolet,Captiva,2023,18,Essence,Automatique,9.0,occasion,70000
Chevrolet,Captiva,2023,23,Essence,Automatique,9.0,occasion,86000
Chevrolet,Captiva,2023,18,Essence,Automatique,9.0,occasion,87000
Chevrolet,Cruze,2018,150000,Essence,Manuelle,7.0,occasion,36000
Chevrolet,Groove,2022,67000,Essence,Automatique,6.0,occasion,68000
Chevrolet,Sonic 4P,2016,133000,Essence,Manuelle,5.0,occasion,29000
Chevrolet,Sonic,2020,188000,Essence,Manuelle,5.0,occasion,43000
Chrysler,300C,2008,153000,Essence,Automatique,17.0,occasion,55000
Citroen,Berlingo Multispace,2020,57,Diesel,Automatique,7.0,occasion,85000
Citroen,Berlingo Multispace,2018,150,Diesel,Manuelle,7.0,occasion,35000
Citroen,Berlingo Multispace,2020,57,Diesel,Manuelle,5.0,occasion,56000
Citroen,Berlingo Multispace,2021,75,Essence,Manuelle,6.0,occasion,80000
Citroen,Berlingo Utilitaire,2018,338,Diesel,Manuelle,5.0,occasion,48000
Citroen,Berlingo Utilitaire,2016,64,Diesel,Manuelle,6.0,occasion,28000
Citroen,Berlingo Utilitaire,2016,64,Diesel,Manuelle,6.0,occasion,29000
Citroen,Berlingo Van,2022,155,Diesel,Manuelle,5.0,occasion,65000
Citroen,Berlingo Van,2020,84,Diesel,Manuelle,7.0,occasion,58000
Citroen,Berlingo Van,2020,84,Diesel,Automatique,7.0,occasion,65000
Citroen,Berlingo Van,2022,155,Diesel,Manuelle,5.0,occasion,51000
Citroen,Berlingo Van,2022,92,Diesel,Manuelle,5.0,occasion,50000
Citroen,Berlingo Van,2022,19,Diesel,Manuelle,5.0,occasion,55000
Citroen,Berlingo Van,2022,19,Diesel,Manuelle,5.0,occasion,38000
Citroen,Berlingo Van,2020,145,Diesel,Manuelle,5.0,occasion,44000
Citroen,C3 Aircross,2020,61000,Essence,Automatique,7.0,occasion,56000
Citroen,C3 Populaire,2024,19500,Essence,Manuelle,4.0,occasion,45000
Citroen,C3,2019,81,Essence,Manuelle,4.0,occasion,44000
Citroen,C3,2019,85,Essence,Manuelle,4.0,occasion,44000
Citroen,C3,2018,80,Essence,Manuelle,4.0,occasion,35900
Citroen,C3,2018,172,Essence,Manuelle,4.0,occasion,40900
Citroen,C3,2017,72,Essence,Manuelle,4.0,occasion,36000
Citroen,C3,2018,78,Essence,Manuelle,4.0,occasion,33900
Citroen,C3,2019,69,Essence,Manuelle,4.0,occasion,34000
Citroen,C3,2018,147,Essence,Manuelle,4.0,occasion,35000
Citroen,C3,2017,72,Essence,Manuelle,5.0,occasion,23000
Citroen,C3,2019,81,Essence,Manuelle,4.0,occasion,39500
Citroen,C3,2019,85,Essence,Manuelle,4.0,occasion,33000
Citroen,C3,2018,84,Essence,Manuelle,4.0,occasion,42000
Citroen,C4 Cactus,2019,98,Diesel,Manuelle,5.0,occasion,58000
Citroen,C4 Cactus,2016,124,Essence,Manuelle,5.0,occasion,37000
Citroen,C4 Cactus,2019,98,Essence,Manuelle,5.0,occasion,41000
Citroen,C4 Cactus,2016,124,Essence,Manuelle,5.0,occasion,35900
Citroen,C4 Cactus,2019,148,Essence,Manuelle,5.0,occasion,42000
Citroen,C4 Cactus,2016,148,Essence,Manuelle,5.0,occasion,39000
Citroen,C4 Picasso,2013,145,Diesel,Manuelle,6.0,occasion,45000
Citroen,C4 Picasso,2014,235,Diesel,Automatique,7.0,occasion,43000
Citroen,C4 X,2021,142000,Diesel,Manuelle,6.0,occasion,69900
Citroen,C4,2014,200,Diesel,Manuelle,6.0,occasion,39000
Citroen,C4,2014,222,Essence,Manuelle,6.0,occasion,24000
Citroen,C4,2014,200,Essence,Manuelle,6.0,occasion,41000
Citroen,C4,2014,222,Essence,Manuelle,6.0,occasion,25000
Citroen,C5 Aircross,2019,200000,Diesel,Manuelle,7.0,occasion,70000
Citroen,C5,2010,290,Diesel,Manuelle,6.0,occasion,31500
Citroen,C5,2010,288,Diesel,Manuelle,6.0,occasion,31000
Citroen,C5,2010,290,Diesel,Manuelle,6.0,occasion,29000
Citroen,Ds3,2013,147000,Essence,Manuelle,5.0,occasion,28500
Citroen,Ds5,2012,200,Diesel,Automatique,6.0,occasion,48500
Citroen,Ds5,2013,263,Diesel,Automatique,9.0,occasion,11000
Citroen,Jumper,2018,269000,Diesel,Manuelle,7.0,occasion,39900
Citroen,Jumpy Combi,2020,160,Diesel,Manuelle,6.0,occasion,82000
Citroen,Jumpy Combi,2018,124,Diesel,Manuelle,6.0,occasion,79000
Citroen,Jumpy Fourgon,2020,58,Diesel,Manuelle,7.0,occasion,65000
Citroen,Jumpy Fourgon,2020,58,Diesel,Manuelle,7.0,occasion,64000
Citroen,Jumpy Fourgon,2022,123,Diesel,Automatique,6.0,occasion,88000
Citroen,Nemo,2018,191000,Diesel,Manuelle,5.0,occasion,24500
Cupra,Formentor,2022,43,Hybride,Automatique,8.0,occasion,125000
Cupra,Formentor,2022,43,Hybride,Automatique,8.0,occasion,129000
Cupra,Formentor,2022,43,Essence,Automatique,11.0,occasion,145000
Cupra,Formentor,2024,26,Essence,Automatique,11.0,occasion,125000
Cupra,Formentor,2024,44,Essence,Automatique,11.0,occasion,135000
Cupra,Leon,2023,80,Essence,Automatique,8.0,occasion,125000
Cupra,Leon,2023,43,Essence,Automatique,8.0,occasion,127000
Dacia,Dokker Van,2021,135,Diesel,Manuelle,5.0,occasion,29000
Dacia,Dokker Van,2019,225,Diesel,Manuelle,6.0,occasion,29500
Dacia,Dokker Van,2019,145,Diesel,Manuelle,6.0,occasion,27000
Dacia,Dokker Van,2021,154,Diesel,Manuelle,6.0,occasion,35000
Dacia,Dokker Van,2019,225,Diesel,Manuelle,6.0,occasion,27500
Dacia,Dokker Van,2021,135,Diesel,Manuelle,6.0,occasion,35500
Dacia,Duster,2015,78,Diesel,Manuelle,6.0,occasion,69000
Dacia,Duster,2014,141,Essence,Manuelle,7.0,occasion,35900
Dacia,Duster,2015,78,Essence,Manuelle,7.0,occasion,34000
Dacia,Duster,2014,141,Essence,Automatique,9.0,occasion,40000
Dacia,Lodgy,2024,6000,Diesel,Manuelle,5.0,occasion,69000
Dacia,Logan M,2012,161,Essence,Manuelle,5.0,occasion,38500
Dacia,Logan M,2015,187,Essence,Manuelle,5.0,occasion,42500
Dacia,Logan M,2015,187,Diesel,Manuelle,4.0,occasion,30000
Dacia,Logan,2023,97,Essence,Manuelle,5.0,occasion,45000
Dacia,Logan,2023,88,Essence,Manuelle,5.0,occasion,39500
Dacia,Sandero Stepway,2021,98,Essence,Manuelle,5.0,occasion,43500
Dacia,Sandero Stepway,2020,158,Essence,Manuelle,5.0,occasion,47500
Dacia,Sandero Stepway,2021,98,Essence,Automatique,5.0,occasion,53000
Dacia,Sandero,2014,184,Essence,Manuelle,5.0,occasion,39000
Dacia,Sandero,2014,180,Essence,Manuelle,5.0,occasion,35500
Dfsk,Glory 500,2025,3000,Essence,Automatique,7.0,occasion,73500
Dfsk,Glory 580,2022,68000,Essence,Manuelle,8.0,occasion,77000
Dfsk,K01H,2021,40,Essence,Manuelle,7.0,occasion,30000
Dfsk,K01H,2018,27,Essence,Manuelle,6.0,occasion,26900
Dongfeng,S50,2019,24000,Essence,Manuelle,6.0,occasion,39500
Dongfeng,Sx3,2021,177,Essence,Manuelle,8.0,occasion,52000
Dongfeng,Sx3,2021,43,Essence,Manuelle,8.0,occasion,49000
Dongfeng,Sx3,2021,177,Essence,Manuelle,8.0,occasion,56000
Dongfeng,Sx3,2021,83,Essence,Manuelle,8.0,occasion,47900
Dongfeng,Sx3,2021,32,Essence,Manuelle,8.0,occasion,55000
Dongfeng,Sx3,2021,83,Essence,Manuelle,8.0,occasion,65000
Ds,3,2016,143000,Essence,Manuelle,5.0,occasion,33000
Ds,7 Crossback,2020,145,Essence,Automatique,10.0,occasion,93000
Ds,7 Crossback,2020,79,Essence,Automatique,10.0,occasion,72000
Faw,Bestune T77,2022,48900,Essence,Automatique,9.0,occasion,131120
Fiat,500 C,2020,20000,Essence,Manuelle,4.0,occasion,59000
Fiat,500,2014,126,Essence,Manuelle,4.0,occasion,49500
Fiat,500,2022,59,Hybride,Manuelle,4.0,occasion,53000
Fiat,500,2022,59,Hybride,Manuelle,4.0,occasion,48000
Fiat,500,2017,39,Essence,Manuelle,4.0,occasion,31000
Fiat,500,2022,91,Essence,Automatique,4.0,occasion,53000
Fiat,500,2022,91,Essence,Automatique,4.0,occasion,55000
Fiat,Doblo Maxi,2021,90000,Diesel,Manuelle,5.0,occasion,35500
Fiat,Doblo,2021,110,Essence,Manuelle,6.0,occasion,50500
Fiat,Doblo,2021,110,Diesel,Manuelle,5.0,occasion,43800
Fiat,Doblo,2021,51,Diesel,Manuelle,5.0,occasion,33000
Fiat,Ducato,2022,38000,Diesel,Manuelle,8.0,occasion,75000
Fiat,Fiorino,2024,31,Diesel,Manuelle,5.0,occasion,61000
Fiat,Fiorino,2020,200,Diesel,Manuelle,5.0,occasion,31000
Fiat,Fiorino,2023,47,Diesel,Manuelle,5.0,occasion,38000
Fiat,Fiorino,2021,123,Diesel,Manuelle,5.0,occasion,29000
Fiat,Fiorino,2020,112,Diesel,Manuelle,6.0,occasion,34000
Fiat,Fiorino,2022,62,Diesel,Manuelle,5.0,occasion,32500
Fiat,Fiorino,2020,112,Diesel,Manuelle,5.0,occasion,27500
Fiat,Grande Punto,2008,257,Essence,Manuelle,5.0,occasion,22800
Fiat,Grande Punto,2011,208,Essence,Manuelle,4.0,occasion,21500
Fiat,Grande Punto,2009,291,Essence,Manuelle,5.0,occasion,20000
Fiat,Grande Punto,2010,207,Essence,Manuelle,4.0,occasion,24500
Fiat,Grande Punto,2011,208,Essence,Manuelle,4.0,occasion,32000
Fiat,Panda City Cross,2021,60,Essence,Manuelle,4.0,occasion,39700
Fiat,Panda City Cross,2022,97,Essence,Manuelle,4.0,occasion,39000
Fiat,Panda,2021,90,Essence,Manuelle,4.0,occasion,34000
Fiat,Panda,2017,61,Essence,Manuelle,4.0,occasion,36000
Fiat,Panda,2017,61,Essence,Manuelle,4.0,occasion,29000
Fiat,Tipo Berline,2023,43,Essence,Manuelle,5.0,occasion,59500
Fiat,Tipo Berline,2022,26,Essence,Manuelle,5.0,occasion,59000
Fiat,Tipo,2023,32,Essence,Manuelle,6.0,occasion,38500
Fiat,Tipo,2018,39,Essence,Manuelle,5.0,occasion,70000
Ford,Ecosport,2022,73,Essence,Manuelle,7.0,occasion,74000
Ford,Ecosport,2020,129,Essence,Manuelle,7.0,occasion,58000
Ford,Ecosport,2019,70,Essence,Automatique,7.0,occasion,55000
Ford,Ecosport,2020,49,Essence,Automatique,7.0,occasion,52000
Ford,Ecosport,2021,99,Essence,Manuelle,7.0,occasion,58000
Ford,Ecosport,2018,230,Essence,Manuelle,7.0,occasion,58000
Ford,Ecosport,2021,99,Essence,Automatique,7.0,occasion,65000
Ford,Ecosport,2022,25,Essence,Manuelle,7.0,occasion,59000
Ford,Ecosport,2020,49,Essence,Manuelle,7.0,occasion,63000
Ford,Ecosport,2021,130,Essence,Manuelle,7.0,occasion,50000
Ford,Ecosport,2020,129,Essence,Manuelle,7.0,occasion,58000
Ford,Ecosport,2019,100,Essence,Automatique,7.0,occasion,62000
Ford,Ecosport,2022,25,Essence,Manuelle,7.0,occasion,71000
Ford,Ecosport,2019,70,Essence,Manuelle,7.0,occasion,68000
Ford,Ecosport,2021,130,Essence,Automatique,7.0,occasion,59900
Ford,Ecosport,2018,80,Essence,Automatique,7.0,occasion,43000
Ford,Ecosport,2023,42,Essence,Manuelle,7.0,occasion,69900
Ford,Ecosport,2021,54,Essence,Manuelle,7.0,occasion,57000
Ford,Ecosport,2020,48,Essence,Manuelle,7.0,occasion,56000
Ford,Fiesta,2020,78,Diesel,Manuelle,4.0,occasion,47000
Ford,Fiesta,2020,78,Essence,Manuelle,4.0,occasion,43000
Ford,Fiesta,2012,200,Essence,Manuelle,5.0,occasion,25000
Ford,Fiesta,2013,166,Essence,Manuelle,5.0,occasion,28500
Ford,Fiesta,2020,109,Essence,Manuelle,4.0,occasion,42000
Ford,Fiesta,2017,200,Essence,Manuelle,5.0,occasion,36500
Ford,Fiesta,2015,200,Essence,Manuelle,5.0,occasion,32500
Ford,Fiesta,2020,180,Essence,Manuelle,4.0,occasion,40000
Ford,Fiesta,2020,109,Essence,Manuelle,4.0,occasion,36500
Ford,Fiesta,2012,200,Essence,Manuelle,5.0,occasion,28000
Ford,Figo,2013,122000,Essence,Manuelle,5.0,occasion,25500
Ford,Focus Berline,2012,250,Essence,Automatique,7.0,occasion,83448
Ford,Focus Berline,2023,33,Essence,Manuelle,6.0,occasion,23000
Ford,Focus,2018,134,Essence,Automatique,7.0,occasion,50000
Ford,Focus,2018,156,Essence,Automatique,7.0,occasion,46000
Ford,Focus,2018,156,Essence,Automatique,7.0,occasion,39500
Ford,Focus,2017,101,Essence,Automatique,7.0,occasion,36500
Ford,Focus,2017,101,Essence,Manuelle,6.0,occasion,41000
Ford,Focus,2016,112,Essence,Manuelle,7.0,occasion,35000
Ford,Focus,2018,132,Essence,Automatique,6.0,occasion,70000
Ford,Focus,2017,160,Essence,Manuelle,6.0,occasion,40000
Ford,Fusion,2016,243,Essence,Manuelle,9.0,occasion,57000
Ford,Fusion,2021,27,Essence,Automatique,9.0,occasion,67000
Ford,Fusion,2022,67,Essence,Automatique,9.0,occasion,99000
Ford,Fusion,2016,85,Essence,Manuelle,9.0,occasion,47000
Ford,Fusion,2021,27,Essence,Automatique,9.0,occasion,70000
Ford,Kuga,2017,127,Essence,Automatique,11.0,occasion,65000
Ford,Kuga,2017,208,Essence,Manuelle,8.0,occasion,56500
Ford,Kuga,2019,172,Essence,Manuelle,8.0,occasion,75000
Ford,Kuga,2022,78,Essence,Automatique,8.0,occasion,94000
Ford,Kuga,2022,59,Essence,Automatique,10.0,occasion,90000
Ford,Kuga,2022,59,Essence,Automatique,10.0,occasion,121500
Ford,Kuga,2019,87,Essence,Manuelle,8.0,occasion,62000
Ford,Kuga,2019,87,Essence,Manuelle,8.0,occasion,72000
Ford,Kuga,2019,172,Essence,Manuelle,8.0,occasion,56000
Ford,Mondeo,2013,237,Essence,Manuelle,9.0,occasion,40000
Ford,Mondeo,2013,193,Essence,Manuelle,9.0,occasion,30000
Ford,Mustang,2017,57,Essence,Automatique,28.0,occasion,115000
Ford,Mustang,2018,65,Essence,Automatique,21.0,occasion,160000
Ford,Mustang,2018,65,Essence,Automatique,21.0,occasion,185000
Ford,Mustang,2018,50,Essence,Automatique,19.0,occasion,175000
Ford,Ranger Raptor,2017,200,Diesel,Automatique,7.0,occasion,195000
Ford,Ranger Raptor,2021,45,Diesel,Manuelle,7.0,occasion,115000
Ford,Ranger,2015,180,Diesel,Automatique,7.0,occasion,68000
Ford,Ranger,2015,180,Diesel,Automatique,7.0,occasion,140000
Ford,Ranger,2014,200,Diesel,Manuelle,7.0,occasion,92500
Ford,Ranger,2014,191,Diesel,Manuelle,7.0,occasion,85000
Ford,Ranger,2013,230,Diesel,Manuelle,10.0,occasion,35500
Ford,Ranger,2013,230,Diesel,Manuelle,7.0,occasion,55000
Ford,Transit Custom,2016,670800,Diesel,Manuelle,7.0,occasion,36000
Gac Motor,Emzoom,2025,5000,Essence,Automatique,9.0,occasion,99800
Geely,Coolray,2024,17000,Essence,Automatique,10.0,occasion,80000
Geely,Gc 6,2019,140000,Essence,Manuelle,6.0,occasion,31000
Geely,Gx3,2021,73,Essence,Automatique,6.0,occasion,55000
Geely,Gx3,2021,57,Essence,Manuelle,6.0,occasion,45000
Geely,Gx3,2021,80,Essence,Manuelle,6.0,occasion,45000
Geely,Gx3,2021,53,Essence,Manuelle,6.0,occasion,47000
Geely,Gx3,2021,73,Essence,Automatique,6.0,occasion,54000
Geely,Gx3,2021,78,Essence,Manuelle,6.0,occasion,45000
Great Wall,H2,2020,142,Essence,Automatique,9.0,occasion,59000
Great Wall,H2,2019,157,Essence,Automatique,9.0,occasion,59500
Great Wall,H2,2020,142,Essence,Automatique,9.0,occasion,62000
Great Wall,H5,2018,163000,Diesel,Manuelle,9.0,occasion,55000
Great Wall,H6,2023,72,Essence,Automatique,8.0,occasion,126000
Great Wall,H6,2021,80,Essence,Automatique,9.0,occasion,74000
Great Wall,H6,2020,62,Essence,Automatique,9.0,occasion,80000
Great Wall,H6,2022,50,Essence,Automatique,8.0,occasion,110000
Great Wall,H6,2022,144,Essence,Automatique,8.0,occasion,94500
Great Wall,H6,2023,120,Essence,Automatique,8.0,occasion,120000
Great Wall,H6,2023,11,Hybride,Automatique,8.0,occasion,139000
Great Wall,H6,2023,120,Essence,Automatique,8.0,occasion,115000
Great Wall,H6,2019,80,Essence,Automatique,9.0,occasion,70000
Great Wall,H6,2020,95,Essence,Automatique,9.0,occasion,69000
Great Wall,H6,2018,234,Essence,Automatique,9.0,occasion,61000
Great Wall,H6,2022,80,Essence,Automatique,8.0,occasion,89000
Great Wall,H6,2018,125,Essence,Automatique,9.0,occasion,52000
Great Wall,H6,2022,50,Essence,Automatique,8.0,occasion,94500
Great Wall,H6,2022,144,Essence,Automatique,8.0,occasion,105000
Great Wall,H6,2021,96,Essence,Automatique,9.0,occasion,78000
Great Wall,H6,2020,116,Essence,Automatique,9.0,occasion,68900
Great Wall,H6,2019,80,Essence,Automatique,9.0,occasion,74000
Great Wall,H6,2022,22,Essence,Automatique,8.0,occasion,100000
Great Wall,H6,2021,80,Essence,Automatique,9.0,occasion,79000
Great Wall,H6,2021,96,Essence,Automatique,9.0,occasion,75000
Great Wall,H6,2022,48,Essence,Automatique,8.0,occasion,92000
Great Wall,H6,2022,40,Essence,Automatique,9.0,occasion,68000
Great Wall,H6,2023,7,Essence,Automatique,8.0,occasion,85000
Great Wall,H6,2020,116,Essence,Automatique,9.0,occasion,76000
Great Wall,H6,2022,80,Essence,Automatique,8.0,occasion,90000
Great Wall,H6,2019,79,Essence,Automatique,9.0,occasion,61000
Great Wall,H6,2022,50,Essence,Automatique,8.0,occasion,89000
Great Wall,H6,2019,79,Essence,Automatique,9.0,occasion,77000
Great Wall,Jolion,2022,60,Essence,Automatique,9.0,occasion,80000
Great Wall,Jolion,2022,66,Essence,Automatique,9.0,occasion,81000
Great Wall,Jolion,2023,80,Essence,Automatique,9.0,occasion,93200
Great Wall,Jolion,2022,66,Essence,Automatique,9.0,occasion,79000
Great Wall,Jolion,2021,113,Essence,Automatique,9.0,occasion,79000
Great Wall,Jolion,2022,55,Essence,Automatique,9.0,occasion,78000
Great Wall,Jolion,2022,60,Essence,Automatique,9.0,occasion,83000
Great Wall,Jolion,2021,65,Essence,Automatique,9.0,occasion,76000
Great Wall,Jolion,2021,65,Essence,Automatique,9.0,occasion,78000
Great Wall,M4,2019,63,Essence,Manuelle,6.0,occasion,39500
Great Wall,M4,2018,104,Essence,Manuelle,6.0,occasion,39500
Great Wall,Poer At,2024,14,Diesel,Automatique,7.0,occasion,120000
Great Wall,Poer At,2024,13,Diesel,Automatique,7.0,occasion,118000
Great Wall,Poer At,2024,14,Diesel,Automatique,7.0,occasion,112000
Great Wall,Poer,2023,100000,Diesel,Manuelle,11.0,occasion,88000
Great Wall,Wingle 5 Double Cabine,2018,190000,Diesel,Manuelle,7.0,occasion,47500
Honda,Brio Amaze,2017,83000,Essence,Manuelle,5.0,occasion,31000
Honda,City,2021,78,Essence,Automatique,6.0,occasion,71500
Honda,City,2024,12,Essence,Automatique,6.0,occasion,65000
Honda,Civic,2019,54,Essence,Automatique,10.0,occasion,69000
Honda,Civic,2020,159,Essence,Automatique,7.0,occasion,76000
Honda,Civic,2020,159,Essence,Automatique,10.0,occasion,85000
Honda,Civic,2019,54,Essence,Automatique,10.0,occasion,82000
Honda,Cr V,2021,110000,Essence,Automatique,11.0,occasion,99000
Honda,Hr V,2023,18,Essence,Automatique,7.0,occasion,86000
Honda,Hr V,2020,70,Essence,Automatique,7.0,occasion,115000
Honda,Hr V,2020,70,Essence,Automatique,19.0,occasion,47000
Honda,Jazz,2024,53000,Hybride,Automatique,5.0,occasion,77000
Hummer,H3,2005,50,Essence,Automatique,19.0,occasion,100000
Hummer,H3,2007,96,Essence,Manuelle,20.0,occasion,89000
Hyundai,Accent,2022,68,Essence,Manuelle,6.0,occasion,69900
Hyundai,Accent,2023,45,Essence,Automatique,6.0,occasion,65000
Hyundai,Autre,2019,381988,Essence,Manuelle,6.0,occasion,66000
Hyundai,Creta,2019,35,Essence,Manuelle,7.0,occasion,67000
Hyundai,Creta,2019,35,Essence,Automatique,6.0,occasion,86000
Hyundai,Creta,2018,122,Essence,Automatique,7.0,occasion,79000
Hyundai,Elantra,2018,100000,Essence,Automatique,9.0,occasion,78000
Hyundai,Grand I10 Sedan,2022,100,Essence,Manuelle,5.0,occasion,35000
Hyundai,Grand I10 Sedan,2015,137,Essence,Manuelle,5.0,occasion,39500
Hyundai,Grand I10,2021,74,Essence,Manuelle,5.0,occasion,42500
Hyundai,Grand I10,2022,51,Essence,Manuelle,5.0,occasion,46000
Hyundai,Grand I10,2021,57,Essence,Manuelle,5.0,occasion,44500
Hyundai,Grand I10,2022,103,Essence,Automatique,5.0,occasion,47000
Hyundai,Grand I10,2023,30,Essence,Manuelle,4.0,occasion,46500
Hyundai,Grand I10,2022,72,Essence,Manuelle,4.0,occasion,40500
Hyundai,Grand I10,2021,57,Essence,Manuelle,5.0,occasion,30000
Hyundai,Grand I10,2023,37,Essence,Manuelle,4.0,occasion,45500
Hyundai,Grand I10,2023,60,Essence,Manuelle,5.0,occasion,43000
Hyundai,Grand I10,2023,110,Essence,Manuelle,5.0,occasion,47500
Hyundai,Grand I10,2022,103,Essence,Automatique,5.0,occasion,50000
Hyundai,Grand I10,2023,30,Essence,Manuelle,4.0,occasion,45500
Hyundai,Grand I10,2021,89,Essence,Automatique,5.0,occasion,49800
Hyundai,H 100,2013,380000,Diesel,Manuelle,9.0,occasion,38000
Hyundai,I10,2017,94,Essence,Manuelle,4.0,occasion,28000
Hyundai,I10,2017,94,Essence,Manuelle,4.0,occasion,39000
Hyundai,I10,2016,200,Essence,Manuelle,4.0,occasion,29000
Hyundai,I20,2023,76,Essence,Automatique,5.0,occasion,76900
Hyundai,I20,2022,103,Essence,Manuelle,5.0,occasion,53000
Hyundai,I20,2021,62,Essence,Automatique,5.0,occasion,65000
Hyundai,I20,2022,103,Essence,Manuelle,5.0,occasion,59000
Hyundai,I20,2021,100,Essence,Automatique,5.0,occasion,63000
Hyundai,I20,2021,88,Essence,Automatique,5.0,occasion,49000
Hyundai,I20,2021,60,Essence,Manuelle,5.0,occasion,56500
Hyundai,I20,2018,82,Essence,Manuelle,5.0,occasion,42700
Hyundai,I20,2022,93,Essence,Manuelle,5.0,occasion,55500
Hyundai,I20,2018,82,Essence,Manuelle,5.0,occasion,43500
Hyundai,I20,2023,21,Essence,Manuelle,5.0,occasion,68000
Hyundai,I20,2023,21,Essence,Automatique,5.0,occasion,77500
Hyundai,I20,2021,60,Essence,Automatique,5.0,occasion,62000
Hyundai,I20,2021,100,Essence,Manuelle,5.0,occasion,51500
Hyundai,I20,2024,49,Essence,Manuelle,4.0,occasion,66500
Hyundai,I20,2021,88,Essence,Manuelle,5.0,occasion,49000
Hyundai,I20,2023,76,Essence,Manuelle,5.0,occasion,49900
Hyundai,I30 Fastback,2022,88000,Essence,Automatique,7.0,occasion,73000
Hyundai,I30,2021,102000,Essence,Automatique,7.0,occasion,72000
Hyundai,Ioniq 5,2022,40000,Electrique,Automatique,4.0,occasion,119900
Hyundai,Ix35,2012,220,Diesel,Manuelle,6.0,occasion,52000
Hyundai,Ix35,2012,228,Diesel,Manuelle,7.0,occasion,49000
Hyundai,Ix35,2012,228,Diesel,Automatique,11.0,occasion,43500
Hyundai,Kona,2022,59,Hybride,Automatique,5.0,occasion,117000
Hyundai,Kona,2025,14,Hybride,Manuelle,6.0,occasion,85000
Hyundai,Palisade,2021,35774,Diesel,Automatique,12.0,occasion,250000
Hyundai,Tucson,2021,92,Hybride,Automatique,7.0,occasion,105000
Hyundai,Tucson,2021,70,Hybride,Automatique,7.0,occasion,125000
Hyundai,Tucson,2020,104,Diesel,Automatique,7.0,occasion,98000
Hyundai,Tucson,2022,40,Essence,Automatique,10.0,occasion,118000
Hyundai,Tucson,2020,104,Diesel,Automatique,7.0,occasion,89000
Hyundai,Tucson,2020,99,Diesel,Automatique,7.0,occasion,97000
Hyundai,Tucson,2020,140,Diesel,Automatique,7.0,occasion,97000
Hyundai,Tucson,2021,70,Diesel,Automatique,7.0,occasion,89000
Hyundai,Tucson,2022,75,Essence,Automatique,9.0,occasion,98000
Hyundai,Tucson,2022,35,Essence,Automatique,10.0,occasion,158000
Hyundai,Tucson,2020,104,Diesel,Automatique,7.0,occasion,93000
Hyundai,Tucson,2023,28,Diesel,Manuelle,6.0,occasion,98000
Hyundai,Tucson,2021,99,Hybride,Automatique,7.0,occasion,130000
Hyundai,Tucson,2022,75,Diesel,Automatique,7.0,occasion,113000
Hyundai,Tucson,2020,80,Essence,Automatique,8.0,occasion,85000
Hyundai,Tucson,2022,85,Hybride,Automatique,11.0,occasion,147000
Hyundai,Tucson,2023,77,Essence,Automatique,10.0,occasion,116000
Hyundai,Veloster,2017,158000,Essence,Automatique,8.0,occasion,42000
Hyundai,Veloster,2017,158,Essence,Automatique,8.0,occasion,41000
Infiniti,Fx,2008,190000,Essence,Automatique,20.0,occasion,52000
Infiniti,Q30,2018,27000,Essence,Automatique,9.0,occasion,110000
Isuzu,D Max Dc,2014,297,Diesel,Manuelle,8.0,occasion,115000
Isuzu,D Max Dc,2014,297,Diesel,Automatique,6.0,occasion,135000
Isuzu,D Max Dc,2013,244,Diesel,Manuelle,8.0,occasion,67000
Isuzu,D Max Dc,2013,244,Diesel,Manuelle,12.0,occasion,80000
Isuzu,D Max,2019,176,Diesel,Manuelle,10.0,occasion,130000
Isuzu,D Max,2025,58857,Diesel,Manuelle,8.0,occasion,63000
Isuzu,Mu X,2017,38000,Diesel,Automatique,8.0,occasion,145000
Isuzu,Nkr 66,2023,80000,Diesel,Manuelle,17.0,occasion,115000
Iveco,Daily Fourgon,2023,99000,Diesel,Manuelle,10.0,occasion,139000
Iveco,Daily,2019,57,Diesel,Manuelle,10.0,occasion,101000
Iveco,Daily,2020,61,Diesel,Manuelle,10.0,occasion,120000
Iveco,Daily,2020,61,Diesel,Manuelle,10.0,occasion,110000
Jaguar,E Pace,2020,120000,Essence,Automatique,12.0,occasion,155000
Jaguar,F Pace,2018,159,Diesel,Automatique,10.0,occasion,139000
Jaguar,F Pace,2016,200,Diesel,Manuelle,9.0,occasion,125000
Jaguar,F Type,2017,12000,Essence,Automatique,19.0,occasion,245000
Jaguar,X Type,2011,176000,Essence,Automatique,17.0,occasion,45000
Jaguar,Xf,2018,108,Essence,Automatique,16.0,occasion,120000
Jaguar,Xf,2017,42,Diesel,Automatique,9.0,occasion,148000
Jaguar,Xf,2012,137,Essence,Automatique,17.0,occasion,59000
Jaguar,Xf,2018,108,Essence,Automatique,16.0,occasion,190000
Jaguar,Xf,2011,135,Diesel,Automatique,11.0,occasion,78000
Jaguar,Xjl,2014,51,Essence,Automatique,16.0,occasion,120000
Jaguar,Xjl,2014,163,Essence,Automatique,16.0,occasion,129000
Jaguar,Xjl,2014,51,Essence,Automatique,16.0,occasion,110000
Jeep,Compass,2016,60,Diesel,Manuelle,8.0,occasion,53900
Jeep,Compass,2021,45,Essence,Automatique,8.0,occasion,145000
Jeep,Compass,2020,31,Essence,Manuelle,8.0,occasion,87000
Jeep,Compass,2021,45,Diesel,Manuelle,8.0,occasion,100000
Jeep,Compass,2020,31,Essence,Automatique,10.0,occasion,83000
Jeep,Grand Cherokee,2018,140,Essence,Automatique,20.0,occasion,180000
Jeep,Grand Cherokee,2018,140,Essence,Automatique,20.0,occasion,220000
Jeep,Grand Cherokee,2002,317,Essence,Automatique,15.0,occasion,89000
Jeep,Grand Cherokee,2016,132,Essence,Automatique,20.0,occasion,178000
Jeep,Grand Cherokee,2005,170,Diesel,Automatique,11.0,occasion,44900
Jeep,Grand Cherokee,2016,132,Diesel,Automatique,16.0,occasion,175000
Jeep,Renegade,2019,150,Essence,Automatique,8.0,occasion,69000
Jeep,Renegade,2020,43,Essence,Manuelle,8.0,occasion,83000
Jeep,Renegade,2020,79,Essence,Automatique,8.0,occasion,64000
Jeep,Renegade,2022,35,Essence,Automatique,8.0,occasion,125000
Jeep,Renegade,2020,68,Essence,Manuelle,8.0,occasion,70000
Jeep,Renegade,2020,68,Essence,Automatique,8.0,occasion,71000
Jeep,Renegade,2021,105,Essence,Automatique,8.0,occasion,71000
Jeep,Renegade,2021,135,Essence,Automatique,8.0,occasion,76000
Jeep,Renegade,2019,74,Essence,Automatique,8.0,occasion,72000
Jeep,Renegade,2019,150,Essence,Automatique,8.0,occasion,74800
Jeep,Renegade,2021,85,Essence,Automatique,8.0,occasion,80000
Jeep,Renegade,2021,105,Essence,Automatique,8.0,occasion,70000
Jeep,Renegade,2019,74,Essence,Automatique,8.0,occasion,54000
Jeep,Renegade,2021,65,Essence,Automatique,8.0,occasion,85000
Jeep,Renegade,2020,105,Essence,Manuelle,8.0,occasion,65000
Jeep,Renegade,2020,105,Essence,Automatique,8.0,occasion,72000
Jeep,Wrangler 2021,2022,23,Essence,Automatique,18.0,occasion,255000
Jeep,Wrangler 2021,2015,150,Diesel,Automatique,13.0,occasion,125000
Jeep,Wrangler 2021,2011,210,Diesel,Automatique,13.0,occasion,145000
Jeep,Wrangler 2021,2021,51,Hybride,Automatique,16.0,occasion,350000
Jeep,Wrangler Unlimited,2021,30,Essence,Automatique,20.0,occasion,175000
Jeep,Wrangler Unlimited,2021,132,Essence,Automatique,19.0,occasion,350000
Jeep,Wrangler Unlimited,2022,17,Essence,Automatique,17.0,occasion,260000
Jeep,Wrangler Unlimited,2021,132,Hybride,Automatique,17.0,occasion,290000
Kia,Ceed,2019,178000,Essence,Manuelle,6.0,occasion,52000
Kia,Cerato Koup,2012,145000,Essence,Automatique,7.0,occasion,34900
Kia,Cerato,2010,51,Essence,Automatique,7.0,occasion,50000
Kia,Cerato,2017,58,Essence,Manuelle,7.0,occasion,38500
Kia,K2700,2013,120000,Diesel,Manuelle,8.0,occasion,44000
Kia,Optima,2011,173,Essence,Automatique,10.0,occasion,54000
Kia,Optima,2012,124,Essence,Manuelle,10.0,occasion,41500
Kia,Picanto,2020,90,Essence,Automatique,5.0,occasion,42500
Kia,Picanto,2024,50,Essence,Automatique,5.0,occasion,54000
Kia,Picanto,2024,42,Essence,Automatique,4.0,occasion,54000
Kia,Picanto,2022,66,Essence,Manuelle,5.0,occasion,45000
Kia,Picanto,2021,31,Essence,Automatique,4.0,occasion,43000
Kia,Picanto,2014,99,Essence,Automatique,5.0,occasion,31000
Kia,Picanto,2013,138,Essence,Automatique,5.0,occasion,32000
Kia,Picanto,2018,79,Essence,Manuelle,4.0,occasion,35000
Kia,Picanto,2018,126,Essence,Manuelle,5.0,occasion,39800
Kia,Picanto,2024,50,Essence,Automatique,4.0,occasion,54500
Kia,Picanto,2021,33,Essence,Automatique,4.0,occasion,49000
Kia,Picanto,2025,117,Essence,Manuelle,5.0,occasion,56000
Kia,Picanto,2022,59,Essence,Automatique,4.0,occasion,44500
Kia,Picanto,2018,126,Essence,Manuelle,4.0,occasion,29500
Kia,Picanto,2025,58857,Essence,Manuelle,5.0,occasion,56000
Kia,Picanto,2021,108,Essence,Automatique,4.0,occasion,45000
Kia,Picanto,2022,59,Essence,Manuelle,5.0,occasion,40500
Kia,Picanto,2013,138,Essence,Manuelle,4.0,occasion,32200
Kia,Picanto,2020,83,Essence,Manuelle,4.0,occasion,39500
Kia,Picanto,2021,63,Essence,Manuelle,4.0,occasion,41000
Kia,Picanto,2021,33,Essence,Automatique,4.0,occasion,41500
Kia,Picanto,2012,163,Essence,Manuelle,4.0,occasion,23500
Kia,Picanto,2022,98,Essence,Manuelle,4.0,occasion,40500
Kia,Picanto,2014,99,Essence,Manuelle,4.0,occasion,33000
Kia,Picanto,2020,83,Essence,Manuelle,4.0,occasion,40000
Kia,Picanto,2021,108,Essence,Automatique,4.0,occasion,41500
Kia,Picanto,2022,90,Essence,Automatique,4.0,occasion,42000
Kia,Rio 5P,2019,73,Essence,Manuelle,5.0,occasion,54000
Kia,Rio 5P,2021,71,Essence,Manuelle,5.0,occasion,57500
Kia,Rio 5P,2020,162,Essence,Manuelle,5.0,occasion,59000
Kia,Rio 5P,2022,93,Essence,Manuelle,5.0,occasion,61000
Kia,Rio 5P,2022,130,Essence,Manuelle,5.0,occasion,52000
Kia,Rio 5P,2020,80,Essence,Manuelle,5.0,occasion,55000
Kia,Rio 5P,2022,84,Essence,Manuelle,5.0,occasion,52500
Kia,Rio 5P,2021,71,Essence,Manuelle,5.0,occasion,59000
Kia,Rio 5P,2021,85,Essence,Manuelle,5.0,occasion,49000
Kia,Rio 5P,2022,75,Essence,Automatique,6.0,occasion,70000
Kia,Rio 5P,2022,61,Essence,Manuelle,5.0,occasion,51000
Kia,Rio 5P,2019,124,Essence,Manuelle,5.0,occasion,53000
Kia,Rio 5P,2019,93,Essence,Manuelle,5.0,occasion,52000
Kia,Rio 5P,2023,67,Essence,Automatique,6.0,occasion,72000
Kia,Rio 5P,2020,120,Essence,Manuelle,5.0,occasion,47900
Kia,Rio 5P,2022,120,Essence,Manuelle,5.0,occasion,54000
Kia,Rio 5P,2022,10,Essence,Manuelle,5.0,occasion,49500
Kia,Rio 5P,2012,301,Essence,Manuelle,5.0,occasion,35000
Kia,Rio 5P,2022,119,Essence,Manuelle,5.0,occasion,47500
Kia,Rio 5P,2023,45,Essence,Automatique,5.0,occasion,83000
Kia,Rio 5P,2022,128,Essence,Manuelle,5.0,occasion,73000
Kia,Rio 5P,2022,85,Essence,Manuelle,5.0,occasion,65000
Kia,Rio 5P,2020,140,Essence,Manuelle,5.0,occasion,52000
Kia,Rio 5P,2023,45,Essence,Manuelle,5.0,occasion,50000
Kia,Rio 5P,2019,93,Essence,Manuelle,5.0,occasion,55000
Kia,Rio 5P,2015,200,Essence,Manuelle,5.0,occasion,33000
Kia,Rio 5P,2019,72,Essence,Manuelle,5.0,occasion,52000
Kia,Rio 5P,2020,162,Essence,Manuelle,5.0,occasion,54000
Kia,Rio 5P,2019,68,Essence,Manuelle,5.0,occasion,48000
Kia,Rio 5P,2021,85,Essence,Manuelle,5.0,occasion,53800
Kia,Rio 5P,2019,124,Essence,Manuelle,5.0,occasion,55000
Kia,Rio,2019,89,Essence,Automatique,6.0,occasion,58000
Kia,Rio,2020,160,Essence,Manuelle,6.0,occasion,47500
Kia,Rio,2019,90,Essence,Manuelle,6.0,occasion,47000
Kia,Rio,2016,157,Essence,Manuelle,5.0,occasion,38500
Kia,Rio,2020,121,Essence,Manuelle,6.0,occasion,41900
Kia,Rio,2019,89,Essence,Automatique,6.0,occasion,49900
Kia,Rio,2016,230,Essence,Manuelle,5.0,occasion,38000
Kia,Seltos,2024,1,Essence,Automatique,7.0,occasion,105000
Kia,Seltos,2021,116,Essence,Automatique,6.0,occasion,83000
Kia,Seltos,2021,82,Essence,Automatique,8.0,occasion,75000
Kia,Seltos,2024,18,Essence,Automatique,8.0,occasion,115000
Kia,Seltos,2021,108,Essence,Automatique,8.0,occasion,89000
Kia,Seltos,2024,1,Essence,Automatique,8.0,occasion,145005
Kia,Seltos,2021,116,Essence,Automatique,8.0,occasion,84500
Kia,Seltos,2021,82,Essence,Automatique,8.0,occasion,84000
Kia,Sonet,2023,74000,Essence,Automatique,6.0,occasion,94000
Kia,Sorento,2015,424,Diesel,Automatique,12.0,occasion,69000
Kia,Sorento,2010,207,Diesel,Automatique,12.0,occasion,45000
Kia,Sorento,2010,356,Diesel,Automatique,12.0,occasion,51800
Kia,Sorento,2014,295,Diesel,Automatique,12.0,occasion,60000
Kia,Sorento,2015,210,Diesel,Automatique,12.0,occasion,62000
Kia,Sorento,2014,295,Essence,Automatique,18.0,occasion,45000
Kia,Sorento,2014,162,Essence,Automatique,12.0,occasion,45000
Kia,Sorento,2014,162,Diesel,Automatique,12.0,occasion,48000
Kia,Sportage,2012,80,Diesel,Automatique,11.0,occasion,54000
Kia,Sportage,2022,66,Essence,Automatique,10.0,occasion,148600
Kia,Sportage,2020,69,Essence,Automatique,11.0,occasion,98000
Kia,Sportage,2020,100,Essence,Automatique,8.0,occasion,80000
Kia,Sportage,2013,275,Diesel,Automatique,11.0,occasion,46000
Kia,Sportage,2021,126,Essence,Automatique,11.0,occasion,95000
Kia,Sportage,2020,69,Essence,Automatique,8.0,occasion,84900
Kia,Sportage,2019,102,Diesel,Automatique,8.0,occasion,92000
Kia,Sportage,2017,103,Diesel,Automatique,10.0,occasion,87000
Kia,Sportage,2018,106,Essence,Automatique,8.0,occasion,85000
Kia,Sportage,2018,101,Essence,Automatique,8.0,occasion,65000
Kia,Sportage,2013,275,Diesel,Automatique,11.0,occasion,45000
Kia,Sportage,2019,173,Diesel,Automatique,7.0,occasion,90000
Kia,Sportage,2020,112,Diesel,Manuelle,7.0,occasion,95000
Kia,Sportage,2023,25,Essence,Automatique,10.0,occasion,136500
Kia,Sportage,2019,81,Essence,Automatique,11.0,occasion,110000
Kia,Sportage,2016,126,Essence,Automatique,8.0,occasion,69000
Kia,Sportage,2021,113,Essence,Automatique,8.0,occasion,88000
Kia,Sportage,2018,149,Essence,Automatique,8.0,occasion,85000
Kia,Sportage,2019,130,Essence,Automatique,8.0,occasion,84900
Kia,Sportage,2020,95,Essence,Automatique,11.0,occasion,98000
Kia,Sportage,2021,111,Essence,Automatique,8.0,occasion,77000
Kia,Sportage,2016,218,Diesel,Automatique,10.0,occasion,85000
Kia,Sportage,2010,280,Diesel,Manuelle,10.0,occasion,49000
Kia,Sportage,2020,112,Essence,Automatique,11.0,occasion,95000
Kia,Sportage,2023,25,Essence,Automatique,10.0,occasion,136000
Kia,Sportage,2018,81,Diesel,Automatique,10.0,occasion,77000
Kia,Sportage,2021,98,Essence,Automatique,8.0,occasion,92000
Kia,Sportage,2021,12,Hybride,Automatique,7.0,occasion,93000
Kia,Sportage,2018,181,Essence,Automatique,8.0,occasion,78000
Kia,Sportage,2018,90,Diesel,Automatique,7.0,occasion,85000
Kia,Sportage,2019,85,Diesel,Manuelle,7.0,occasion,85000
Kia,Sportage,2021,87,Essence,Automatique,8.0,occasion,80000
Kia,Sportage,2016,236,Diesel,Manuelle,11.0,occasion,65000
Kia,Sportage,2017,103,Essence,Manuelle,8.0,occasion,66000
Kia,Sportage,2020,100,Essence,Automatique,11.0,occasion,94500
Kia,Sportage,2021,12,Essence,Automatique,11.0,occasion,95000
Kia,Sportage,2023,119,Essence,Automatique,10.0,occasion,128000
Kia,Sportage,2021,118,Essence,Automatique,8.0,occasion,95000
Kia,Sportage,2012,324,Essence,Manuelle,8.0,occasion,51000
Kia,Sportage,2023,39,Essence,Automatique,10.0,occasion,118000
Kia,Sportage,2018,160,Diesel,Automatique,7.0,occasion,78500
Kia,Sportage,2019,134,Essence,Automatique,11.0,occasion,95000
Kia,Sportage,2021,88,Diesel,Automatique,7.0,occasion,105000
Kia,Sportage,2023,17,Essence,Automatique,10.0,occasion,129000
Kia,Sportage,2016,126,Diesel,Automatique,10.0,occasion,95000
Kia,Sportage,2021,98,Essence,Automatique,11.0,occasion,100000
Kia,Sportage,2021,113,Essence,Automatique,8.0,occasion,99000
Kia,Sportage,2017,268,Diesel,Manuelle,6.0,occasion,72000
Kia,Sportage,2023,119,Essence,Automatique,10.0,occasion,120000
Kia,Sportage,2016,113,Essence,Automatique,8.0,occasion,63000
Kia,Sportage,2018,30,Essence,Automatique,8.0,occasion,68000
Kia,Sportage,2018,226,Diesel,Automatique,10.0,occasion,103000
Kia,Sportage,2018,173,Essence,Automatique,8.0,occasion,70000
Kia,Sportage,2013,405,Diesel,Automatique,11.0,occasion,62000
Kia,Sportage,2019,130,Diesel,Automatique,7.0,occasion,83000
Kia,Sportage,2019,173,Essence,Automatique,8.0,occasion,87000
Kia,Sportage,2023,65,Essence,Automatique,10.0,occasion,119000
Kia,Sportage,2013,274,Diesel,Automatique,11.0,occasion,44500
Kia,Sportage,2017,120,Essence,Automatique,8.0,occasion,71900
Kia,Sportage,2022,39,Essence,Automatique,10.0,occasion,118000
Kia,Sportage,2021,118,Diesel,Automatique,8.0,occasion,117000
Kia,Sportage,2010,230,Diesel,Manuelle,10.0,occasion,44500
Kia,Sportage,2016,218,Diesel,Manuelle,6.0,occasion,67000
Kia,Sportage,2018,30,Diesel,Automatique,10.0,occasion,110000
Kia,Sportage,2018,181,Essence,Automatique,8.0,occasion,85000
Kia,Stonic,2021,58,Hybride,Manuelle,6.0,occasion,69000
Kia,Stonic,2021,73,Hybride,Automatique,6.0,occasion,79000
Kia,Stonic,2021,91,Essence,Manuelle,5.0,occasion,74500
Kia,Stonic,2021,56,Essence,Manuelle,5.0,occasion,67000
Kia,Stonic,2021,56,Essence,Manuelle,6.0,occasion,65000
Kia,Stonic,2021,91,Essence,Manuelle,5.0,occasion,79500
Kia,Xceed,2022,84,Essence,Automatique,9.0,occasion,110000
Kia,Xceed,2022,80,Essence,Automatique,9.0,occasion,95000
Kia,Xceed,2022,80,Diesel,Automatique,7.0,occasion,88000
Kia,Xceed,2022,99,Hybride,Automatique,8.0,occasion,93000
Lada,4X4,2019,30000,Essence,Manuelle,7.0,occasion,44000
Lancia,Ypsilon,2015,76,Essence,Manuelle,4.0,occasion,28500
Lancia,Ypsilon,2011,133,Essence,Manuelle,4.0,occasion,31000
Land Rover,Defender,2015,103,Diesel,Manuelle,8.0,occasion,200000
Land Rover,Defender,2015,70,Diesel,Automatique,12.0,occasion,320000
Land Rover,Defender,2015,103,Diesel,Manuelle,10.0,occasion,185000
Land Rover,Defender,2015,70,Diesel,Manuelle,7.0,occasion,185000
Land Rover,Discovery Sport,2017,110,Diesel,Automatique,8.0,occasion,105000
Land Rover,Discovery Sport,2016,190,Essence,Automatique,15.0,occasion,140000
Land Rover,Discovery Sport,2015,50,Essence,Automatique,15.0,occasion,98000
Land Rover,Discovery Sport,2015,170,Essence,Automatique,25.0,occasion,220000
Land Rover,Discovery Sport,2021,48,Diesel,Automatique,8.0,occasion,265000
Land Rover,Discovery Sport,2021,63,Diesel,Automatique,8.0,occasion,265000
Land Rover,Discovery Sport,2017,177,Diesel,Automatique,8.0,occasion,99000
Land Rover,Discovery Sport,2017,177,Diesel,Automatique,8.0,occasion,125000
Land Rover,Discovery Sport,2015,170,Diesel,Automatique,11.0,occasion,120000
Land Rover,Discovery Sport,2016,42,Diesel,Automatique,9.0,occasion,95000
Land Rover,Discovery,2019,3000,Diesel,Automatique,16.0,occasion,269000
Land Rover,Freelander,2009,199000,Diesel,Automatique,11.0,occasion,59000
Land Rover,Range Rover Evoque,2016,187,Diesel,Automatique,10.0,occasion,102000
Land Rover,Range Rover Evoque,2015,188,Diesel,Automatique,10.0,occasion,139000
Land Rover,Range Rover Evoque,2017,144,Diesel,Automatique,8.0,occasion,160000
Land Rover,Range Rover Evoque,2020,49,Diesel,Automatique,9.0,occasion,179000
Land Rover,Range Rover Evoque,2016,40,Diesel,Automatique,11.0,occasion,119000
Land Rover,Range Rover Evoque,2021,29,Hybride,Automatique,11.0,occasion,245000
Land Rover,Range Rover Evoque,2016,160,Diesel,Automatique,8.0,occasion,89000
Land Rover,Range Rover Evoque,2015,133,Essence,Automatique,15.0,occasion,98000
Land Rover,Range Rover Evoque,2016,154,Essence,Automatique,16.0,occasion,185000
Land Rover,Range Rover Evoque,2022,48,Hybride,Automatique,11.0,occasion,179000
Land Rover,Range Rover Evoque,2022,48,Hybride,Automatique,7.0,occasion,205000
Land Rover,Range Rover Evoque,2015,130,Diesel,Automatique,8.0,occasion,90000
Land Rover,Range Rover Evoque,2021,29,Hybride,Automatique,11.0,occasion,159000
Land Rover,Range Rover Evoque,2016,175,Diesel,Manuelle,8.0,occasion,79500
Land Rover,Range Rover Evoque,2016,160,Essence,Automatique,15.0,occasion,84500
Land Rover,Range Rover Evoque,2022,98,Diesel,Automatique,9.0,occasion,225000
Land Rover,Range Rover Evoque,2013,150,Diesel,Automatique,11.0,occasion,90000
Land Rover,Range Rover Evoque,2013,150,Diesel,Automatique,9.0,occasion,77000
Land Rover,Range Rover Evoque,2014,153,Essence,Automatique,15.0,occasion,96000
Land Rover,Range Rover Evoque,2014,176,Essence,Automatique,15.0,occasion,80000
Land Rover,Range Rover Evoque,2020,94,Hybride,Automatique,11.0,occasion,165000
Land Rover,Range Rover Evoque,2016,175,Diesel,Automatique,10.0,occasion,100000
Land Rover,Range Rover Evoque,2013,160,Diesel,Automatique,9.0,occasion,83000
Land Rover,Range Rover Evoque,2020,94,Hybride,Automatique,11.0,occasion,175000
Land Rover,Range Rover Sport,2019,82,Hybride,Automatique,17.0,occasion,340000
Land Rover,Range Rover Sport,2016,200,Diesel,Automatique,16.0,occasion,190000
Land Rover,Range Rover Sport,2016,200,Diesel,Automatique,16.0,occasion,160000
Land Rover,Range Rover Sport,2018,57,Diesel,Automatique,14.0,occasion,169000
Land Rover,Range Rover Sport,2021,20,Essence,Automatique,25.0,occasion,320000
Land Rover,Range Rover Sport,2016,164,Diesel,Automatique,19.0,occasion,150000
Land Rover,Range Rover Sport,2018,170,Diesel,Automatique,21.0,occasion,350000
Land Rover,Range Rover Sport,2016,164,Essence,Automatique,43.0,occasion,175000
Land Rover,Range Rover Sport,2009,228,Essence,Automatique,32.0,occasion,54000
Land Rover,Range Rover Sport,2019,104,Hybride,Automatique,17.0,occasion,277000
Land Rover,Range Rover Sport,2021,90,Hybride,Automatique,19.0,occasion,280000
Land Rover,Range Rover Sport,2019,82,Essence,Automatique,24.0,occasion,270000
Land Rover,Range Rover Sport,2019,70,Diesel,Automatique,20.0,occasion,255000
Land Rover,Range Rover Sport,2019,148,Diesel,Automatique,21.0,occasion,350000
Land Rover,Range Rover Sport,2015,196,Essence,Automatique,43.0,occasion,265000
Land Rover,Range Rover Sport,2021,90,Essence,Automatique,48.0,occasion,720000
Land Rover,Range Rover Sport,2019,103,Hybride,Automatique,19.0,occasion,249000
Land Rover,Range Rover Sport,2008,250,Diesel,Automatique,13.0,occasion,68000
Land Rover,Range Rover Sport,2015,80,Diesel,Automatique,17.0,occasion,145000
Land Rover,Range Rover Sport,2019,47,Diesel,Automatique,16.0,occasion,249000
Land Rover,Range Rover Sport,2019,130,Hybride,Automatique,17.0,occasion,350000
Land Rover,Range Rover Velar,2018,144,Diesel,Automatique,11.0,occasion,295000
Land Rover,Range Rover Velar,2018,122,Diesel,Automatique,19.0,occasion,192000
Land Rover,Range Rover Velar,2022,55,Essence,Automatique,16.0,occasion,312000
Land Rover,Range Rover Velar,2022,49,Hybride,Automatique,19.0,occasion,250000
Land Rover,Range Rover Velar,2022,49,Essence,Automatique,16.0,occasion,262000
Land Rover,Range Rover Velar,2018,122,Diesel,Automatique,15.0,occasion,182000
Land Rover,Range Rover Velar,2017,92,Diesel,Automatique,10.0,occasion,175000
Land Rover,Range Rover,2019,116,Essence,Automatique,43.0,occasion,350000
Land Rover,Range Rover,2017,52,Essence,Automatique,25.0,occasion,380000
Lexus,Ls 430,2006,278000,Essence,Automatique,20.0,occasion,45000
Mahindra,Kuv 100,2022,80,Essence,Manuelle,5.0,occasion,33000
Mahindra,Kuv 100,2019,57,Essence,Manuelle,5.0,occasion,32000
Mahindra,Kuv 100,2022,60,Essence,Manuelle,5.0,occasion,33000
Mahindra,Kuv 100,2018,98,Essence,Manuelle,5.0,occasion,31000
Mahindra,Kuv 100,2020,58,Essence,Manuelle,5.0,occasion,26000
Mahindra,Kuv 100,2021,33,Essence,Manuelle,5.0,occasion,29000
Mahindra,Kuv 100,2020,58,Essence,Manuelle,5.0,occasion,28500
Mahindra,Kuv 100,2020,72,Essence,Manuelle,5.0,occasion,28000
Mahindra,Kuv 100,2022,76,Essence,Manuelle,5.0,occasion,27500
Mahindra,Kuv 100,2021,105,Essence,Manuelle,5.0,occasion,33000
Mahindra,Kuv 100,2022,80,Essence,Manuelle,5.0,occasion,30000
Mahindra,Pick Up Sc,2014,275000,Diesel,Manuelle,7.0,occasion,19000
Mahindra,Scorpio Suv,2013,328000,Diesel,Manuelle,8.0,occasion,29500
Mahindra,Xuv 300,2024,62000,Essence,Manuelle,6.0,occasion,46500
Mazda,2 Sedan,2017,250,Essence,Manuelle,6.0,occasion,42000
Mazda,2 Sedan,2017,146,Essence,Manuelle,6.0,occasion,39000
Mazda,2 Sedan,2017,250,Essence,Manuelle,6.0,occasion,35000
Mazda,2,2019,175,Essence,Automatique,6.0,occasion,45000
Mazda,2,2016,142,Essence,Automatique,6.0,occasion,40000
Mazda,3 Sedan,2016,112,Essence,Manuelle,6.0,occasion,49000
Mazda,3 Sedan,2016,112,Essence,Manuelle,6.0,occasion,39000
Mazda,3 Sedan,2016,230,Essence,Manuelle,6.0,occasion,42000
Mazda,3 Sedan,2017,190,Essence,Manuelle,6.0,occasion,64000
Mazda,3,2018,212,Essence,Manuelle,6.0,occasion,40000
Mazda,3,2014,200,Essence,Manuelle,6.0,occasion,49000
Mazda,6,2015,190,Essence,Automatique,9.0,occasion,48000
Mazda,6,2015,190,Essence,Automatique,9.0,occasion,41000
Mazda,6,2015,190,Essence,Automatique,9.0,occasion,43000
Mazda,6,2013,302,Essence,Automatique,9.0,occasion,28000
Mazda,6,2012,170,Essence,Automatique,9.0,occasion,34000
Mazda,6,2015,190,Essence,Automatique,9.0,occasion,51000
Mazda,Bt 50,2014,162,Diesel,Manuelle,9.0,occasion,57000
Mazda,Bt 50,2014,248,Diesel,Manuelle,9.0,occasion,50000
Mazda,Bt 50,2018,350,Diesel,Manuelle,9.0,occasion,96000
Mazda,Bt 50,2014,162,Diesel,Manuelle,10.0,occasion,48500
Mazda,Bt 50,2014,248,Diesel,Manuelle,9.0,occasion,55000
Mazda,Bt 50,2021,53,Diesel,Manuelle,9.0,occasion,49500
Mazda,Cx 3,2018,86,Essence,Automatique,9.0,occasion,85000
Mazda,Cx 3,2018,82,Essence,Automatique,9.0,occasion,78000
Mazda,Cx 5,2014,296,Essence,Automatique,9.0,occasion,54000
Mazda,Cx 5,2014,134,Essence,Automatique,9.0,occasion,48000
Mazda,Cx 5,2014,296,Essence,Automatique,9.0,occasion,89000
Mazda,Cx 7,2013,345,Essence,Automatique,15.0,occasion,34000
Mazda,Cx 7,2012,190,Essence,Automatique,15.0,occasion,23000
Mazda,Cx 9,2021,64,Essence,Automatique,15.0,occasion,91000
Mazda,Cx 9,2019,163,Essence,Automatique,15.0,occasion,128000
Mazda,E Series,2005,400000,Diesel,Manuelle,9.0,occasion,12500
Mercedes Benz,Amg Gt,2021,57000,Hybride,Automatique,24.0,occasion,449000
Mercedes Benz,Cla,2018,220,Essence,Automatique,7.0,occasion,99000
Mercedes Benz,Cla,2021,80,Hybride,Automatique,8.0,occasion,162000
Mercedes Benz,Cla,2021,59,Hybride,Automatique,8.0,occasion,178000
Mercedes Benz,Cla,2018,20,Diesel,Manuelle,5.0,occasion,78000
Mercedes Benz,Cla,2023,24,Essence,Automatique,9.0,occasion,169000
Mercedes Benz,Cla,2021,65,Hybride,Automatique,8.0,occasion,150000
Mercedes Benz,Cla,2023,9,Hybride,Automatique,8.0,occasion,182000
Mercedes Benz,Cla,2018,20,Essence,Automatique,13.0,occasion,110000
Mercedes Benz,Cla,2021,49,Hybride,Automatique,8.0,occasion,157000
Mercedes Benz,Cla,2023,34,Hybride,Automatique,8.0,occasion,187000
Mercedes Benz,Cla,2021,69,Essence,Automatique,7.0,occasion,120000
Mercedes Benz,Cla,2020,50,Essence,Automatique,7.0,occasion,140000
Mercedes Benz,Cla,2022,30,Hybride,Automatique,8.0,occasion,188000
Mercedes Benz,Cla,2023,9,Hybride,Automatique,9.0,occasion,175000
Mercedes Benz,Cla,2014,289,Essence,Automatique,24.0,occasion,99000
Mercedes Benz,Cla,2021,44,Hybride,Automatique,8.0,occasion,147000
Mercedes Benz,Cla,2023,44,Hybride,Automatique,8.0,occasion,163000
Mercedes Benz,Cla,2022,89,Hybride,Automatique,8.0,occasion,145000
Mercedes Benz,Cla,2014,130,Essence,Manuelle,7.0,occasion,72500
Mercedes Benz,Cla,2015,131,Essence,Automatique,6.0,occasion,70000
Mercedes Benz,Cla,2013,143,Essence,Manuelle,6.0,occasion,71000
Mercedes Benz,Cla,2022,80,Hybride,Automatique,8.0,occasion,170000
Mercedes Benz,Cla,2014,130,Essence,Automatique,7.0,occasion,58000
Mercedes Benz,Cla,2021,65,Hybride,Automatique,8.0,occasion,140000
Mercedes Benz,Cla,2021,42,Essence,Automatique,7.0,occasion,127000
Mercedes Benz,Cla,2013,76,Essence,Manuelle,7.0,occasion,66000
Mercedes Benz,Cla,2020,105,Diesel,Automatique,8.0,occasion,112000
Mercedes Benz,Cla,2022,33,Hybride,Automatique,8.0,occasion,165000
Mercedes Benz,Cla,2022,90,Hybride,Automatique,9.0,occasion,185000
Mercedes Benz,Cla,2021,44,Hybride,Automatique,8.0,occasion,150000
Mercedes Benz,Cla,2021,3,Hybride,Automatique,8.0,occasion,152000
Mercedes Benz,Cla,2022,80,Hybride,Automatique,8.0,occasion,153000
Mercedes Benz,Cla,2021,69,Hybride,Automatique,8.0,occasion,158000
Mercedes Benz,Cla,2023,24,Essence,Automatique,7.0,occasion,165000
Mercedes Benz,Cla,2021,80,Essence,Automatique,8.0,occasion,145000
Mercedes Benz,Cla,2022,30,Essence,Automatique,7.0,occasion,136000
Mercedes Benz,Cla,2019,96,Essence,Automatique,7.0,occasion,135000
Mercedes Benz,Cla,2024,20,Hybride,Automatique,8.0,occasion,240000
Mercedes Benz,Cla,2018,220,Essence,Automatique,7.0,occasion,85000
Mercedes Benz,Cla,2020,50,Diesel,Automatique,8.0,occasion,138000
Mercedes Benz,Cla,2014,185,Diesel,Automatique,9.0,occasion,95000
Mercedes Benz,Cla,2021,42,Essence,Automatique,7.0,occasion,145000
Mercedes Benz,Classe A Berline,2021,37,Essence,Manuelle,6.0,occasion,128000
Mercedes Benz,Classe A Berline,2020,34,Essence,Automatique,7.0,occasion,105500
Mercedes Benz,Classe A Berline,2021,37,Hybride,Automatique,8.0,occasion,157000
Mercedes Benz,Classe A Berline,2020,34,Diesel,Automatique,6.0,occasion,116000
Mercedes Benz,Classe A,2020,85,Essence,Automatique,7.0,occasion,119000
Mercedes Benz,Classe A,2021,48,Hybride,Automatique,8.0,occasion,114000
Mercedes Benz,Classe A,2020,70,Essence,Automatique,7.0,occasion,139000
Mercedes Benz,Classe A,2014,229,Essence,Manuelle,6.0,occasion,52000
Mercedes Benz,Classe A,2023,6,Hybride,Automatique,8.0,occasion,169000
Mercedes Benz,Classe A,2020,70,Essence,Automatique,8.0,occasion,138000
Mercedes Benz,Classe A,2021,80,Hybride,Automatique,8.0,occasion,128000
Mercedes Benz,Classe A,2013,154,Essence,Automatique,6.0,occasion,54000
Mercedes Benz,Classe A,2020,100,Essence,Automatique,7.0,occasion,89500
Mercedes Benz,Classe A,2021,35,Hybride,Automatique,8.0,occasion,129000
Mercedes Benz,Classe A,2019,50,Diesel,Automatique,6.0,occasion,115000
Mercedes Benz,Classe A,2019,70,Diesel,Automatique,6.0,occasion,115000
Mercedes Benz,Classe A,2021,50,Diesel,Automatique,6.0,occasion,103000
Mercedes Benz,Classe A,2015,125,Essence,Manuelle,6.0,occasion,63500
Mercedes Benz,Classe A,2024,38,Hybride,Automatique,8.0,occasion,179000
Mercedes Benz,Classe A,2024,17,Hybride,Automatique,8.0,occasion,169000
Mercedes Benz,Classe A,2022,55,Hybride,Automatique,8.0,occasion,134000
Mercedes Benz,Classe A,2013,154,Essence,Manuelle,6.0,occasion,54000
Mercedes Benz,Classe A,2019,86,Essence,Automatique,8.0,occasion,129000
Mercedes Benz,Classe A,2021,55,Hybride,Automatique,8.0,occasion,125000
Mercedes Benz,Classe A,2021,37,Hybride,Automatique,8.0,occasion,127000
Mercedes Benz,Classe A,2018,59,Essence,Manuelle,9.0,occasion,79000
Mercedes Benz,Classe A,2021,118,Hybride,Automatique,8.0,occasion,145000
Mercedes Benz,Classe A,2020,85,Hybride,Automatique,8.0,occasion,137000
Mercedes Benz,Classe A,2023,15,Hybride,Automatique,8.0,occasion,175000
Mercedes Benz,Classe A,2020,48,Hybride,Automatique,8.0,occasion,120000
Mercedes Benz,Classe A,2021,55,Essence,Automatique,7.0,occasion,129000
Mercedes Benz,Classe A,2019,189,Essence,Manuelle,7.0,occasion,99000
Mercedes Benz,Classe A,2019,70,Diesel,Automatique,6.0,occasion,93500
Mercedes Benz,Classe A,2013,220,Essence,Manuelle,7.0,occasion,61000
Mercedes Benz,Classe A,2022,63,Essence,Automatique,7.0,occasion,130000
Mercedes Benz,Classe A,2013,220,Essence,Automatique,6.0,occasion,67500
Mercedes Benz,Classe A,2022,70,Essence,Automatique,19.0,occasion,185000
Mercedes Benz,Classe A,2014,174,Essence,Manuelle,7.0,occasion,56000
Mercedes Benz,Classe A,2019,69,Diesel,Automatique,6.0,occasion,99000
Mercedes Benz,Classe A,2019,50,Diesel,Automatique,6.0,occasion,112000
Mercedes Benz,Classe A,2019,149,Essence,Automatique,7.0,occasion,120000
Mercedes Benz,Classe A,2019,110,Essence,Automatique,9.0,occasion,109000
Mercedes Benz,Classe A,2015,125,Essence,Manuelle,6.0,occasion,52000
Mercedes Benz,Classe A,2019,189,Essence,Automatique,8.0,occasion,120000
Mercedes Benz,Classe A,2018,122,Diesel,Manuelle,5.0,occasion,66000
Mercedes Benz,Classe A,2021,50,Hybride,Automatique,8.0,occasion,120000
Mercedes Benz,Classe A,2018,122,Essence,Manuelle,8.0,occasion,112000
Mercedes Benz,Classe A,2021,61,Essence,Automatique,9.0,occasion,130000
Mercedes Benz,Classe A,2014,174,Essence,Automatique,6.0,occasion,53000
Mercedes Benz,Classe A,2020,70,Essence,Automatique,7.0,occasion,97000
Mercedes Benz,Classe A,2022,46,Essence,Automatique,7.0,occasion,128000
Mercedes Benz,Classe A,2020,48,Essence,Automatique,9.0,occasion,125000
Mercedes Benz,Classe A,2020,48,Hybride,Automatique,7.0,occasion,113000
Mercedes Benz,Classe A,2019,32,Essence,Automatique,7.0,occasion,102000
Mercedes Benz,Classe A,2021,118,Hybride,Automatique,8.0,occasion,125000
Mercedes Benz,Classe A,2019,110,Diesel,Automatique,6.0,occasion,90000
Mercedes Benz,Classe A,2015,201,Essence,Automatique,6.0,occasion,68000
Mercedes Benz,Classe B,2016,190,Diesel,Manuelle,6.0,occasion,48900
Mercedes Benz,Classe B,2016,190,Hybride,Automatique,8.0,occasion,155000
Mercedes Benz,Classe B,2015,198,Essence,Manuelle,7.0,occasion,58000
Mercedes Benz,Classe C Coupe,2012,100,Essence,Manuelle,9.0,occasion,56000
Mercedes Benz,Classe C Coupe,2017,255,Essence,Automatique,9.0,occasion,125000
Mercedes Benz,Classe C Coupe,2013,100,Essence,Manuelle,8.0,occasion,59000
Mercedes Benz,Classe C Coupe,2017,255,Hybride,Automatique,11.0,occasion,170000
Mercedes Benz,Classe C Coupe,2013,100,Essence,Automatique,12.0,occasion,90000
Mercedes Benz,Classe C Coupe,2013,170,Essence,Automatique,9.0,occasion,72000
Mercedes Benz,Classe C Coupe,2016,96,Essence,Automatique,8.0,occasion,97000
Mercedes Benz,Classe C,2022,90,Hybride,Automatique,9.0,occasion,220000
Mercedes Benz,Classe C,2022,91,Hybride,Automatique,9.0,occasion,197000
Mercedes Benz,Classe C,2019,147,Hybride,Automatique,10.0,occasion,145000
Mercedes Benz,Classe C,2017,164,Essence,Automatique,8.0,occasion,135000
Mercedes Benz,Classe C,2016,182,Diesel,Automatique,6.0,occasion,88000
Mercedes Benz,Classe C,2017,150,Essence,Automatique,8.0,occasion,119000
Mercedes Benz,Classe C,2019,18,Essence,Automatique,8.0,occasion,105000
Mercedes Benz,Classe C,2021,38,Hybride,Automatique,10.0,occasion,185000
Mercedes Benz,Classe C,2023,42,Hybride,Automatique,9.0,occasion,209000
Mercedes Benz,Classe C,2017,194,Essence,Automatique,15.0,occasion,145000
Mercedes Benz,Classe C,2022,6,Hybride,Automatique,12.0,occasion,258000
Mercedes Benz,Classe C,2017,113,Essence,Automatique,8.0,occasion,94000
Mercedes Benz,Classe C,2018,143,Essence,Automatique,9.0,occasion,124000
Mercedes Benz,Classe C,2014,286,Essence,Manuelle,8.0,occasion,69900
Mercedes Benz,Classe C,2012,135,Essence,Manuelle,9.0,occasion,85000
Mercedes Benz,Classe C,2008,330,Diesel,Automatique,10.0,occasion,49000
Mercedes Benz,Classe C,2023,16,Hybride,Automatique,9.0,occasion,195000
Mercedes Benz,Classe C,2016,160,Essence,Automatique,8.0,occasion,98000
Mercedes Benz,Classe C,2008,404,Essence,Automatique,9.0,occasion,41000
Mercedes Benz,Classe C,2015,180,Essence,Automatique,8.0,occasion,99000
Mercedes Benz,Classe C,2020,59,Diesel,Automatique,7.0,occasion,115000
Mercedes Benz,Classe C,2007,317,Diesel,Automatique,8.0,occasion,37000
Mercedes Benz,Classe C,2023,41,Hybride,Automatique,9.0,occasion,198000
Mercedes Benz,Classe C,2017,105,Diesel,Automatique,6.0,occasion,107000
Mercedes Benz,Classe C,2018,143,Diesel,Automatique,7.0,occasion,110000
Mercedes Benz,Classe C,2019,130,Essence,Automatique,8.0,occasion,142200
Mercedes Benz,Classe C,2020,55,Essence,Automatique,8.0,occasion,147000
Mercedes Benz,Classe C,2018,125,Essence,Automatique,9.0,occasion,85000
Mercedes Benz,Classe C,2020,93,Essence,Automatique,8.0,occasion,155000
Mercedes Benz,Classe C,2013,221,Essence,Automatique,9.0,occasion,58000
Mercedes Benz,Classe C,2015,170,Essence,Automatique,8.0,occasion,70000
Mercedes Benz,Classe C,2024,38,Hybride,Automatique,9.0,occasion,197000
Mercedes Benz,Classe C,2019,60,Essence,Automatique,9.0,occasion,170000
Mercedes Benz,Classe C,2022,5,Hybride,Automatique,9.0,occasion,220000
Mercedes Benz,Classe C,2023,55,Hybride,Automatique,9.0,occasion,234800
Mercedes Benz,Classe C,2018,148,Essence,Automatique,8.0,occasion,112000
Mercedes Benz,Classe C,2021,98,Diesel,Automatique,8.0,occasion,130000
Mercedes Benz,Classe C,2015,217,Essence,Automatique,9.0,occasion,78000
Mercedes Benz,Classe C,2014,164,Essence,Automatique,8.0,occasion,82000
Mercedes Benz,Classe C,2015,225,Diesel,Automatique,6.0,occasion,103000
Mercedes Benz,Classe C,2017,194,Essence,Manuelle,8.0,occasion,93000
Mercedes Benz,Classe C,2022,38,Hybride,Automatique,9.0,occasion,195000
Mercedes Benz,Classe C,2021,38,Hybride,Automatique,9.0,occasion,172000
Mercedes Benz,Classe C,2007,317,Diesel,Manuelle,7.0,occasion,29900
Mercedes Benz,Classe C,2015,168,Essence,Automatique,8.0,occasion,120000
Mercedes Benz,Classe C,2016,182,Essence,Automatique,9.0,occasion,85000
Mercedes Benz,Classe C,2025,1,Hybride,Automatique,11.0,occasion,245000
Mercedes Benz,Classe C,2020,67,Essence,Automatique,9.0,occasion,129000
Mercedes Benz,Classe C,2022,46,Hybride,Automatique,9.0,occasion,188000
Mercedes Benz,Classe C,2020,156,Hybride,Automatique,10.0,occasion,165000
Mercedes Benz,Classe C,2019,71,Essence,Automatique,9.0,occasion,165000
Mercedes Benz,Classe C,2010,280,Diesel,Manuelle,7.0,occasion,42000
Mercedes Benz,Classe C,2015,225,Essence,Automatique,10.0,occasion,94900
Mercedes Benz,Classe C,2022,5,Hybride,Automatique,12.0,occasion,255000
Mercedes Benz,Classe C,2017,150,Essence,Automatique,8.0,occasion,99000
Mercedes Benz,Classe C,2020,55,Essence,Automatique,8.0,occasion,129000
Mercedes Benz,Classe C,2012,44,Essence,Automatique,11.0,occasion,67000
Mercedes Benz,Classe C,2017,140,Essence,Automatique,8.0,occasion,110000
Mercedes Benz,Classe C,2014,158,Essence,Automatique,8.0,occasion,75000
Mercedes Benz,Classe C,2015,170,Diesel,Automatique,8.0,occasion,145000
Mercedes Benz,Classe C,2009,328,Essence,Manuelle,9.0,occasion,45000
Mercedes Benz,Classe C,2022,29,Hybride,Automatique,9.0,occasion,179000
Mercedes Benz,Classe C,2015,127,Essence,Automatique,8.0,occasion,90000
Mercedes Benz,Classe C,2025,15,Hybride,Automatique,12.0,occasion,308000
Mercedes Benz,Classe C,2017,113,Diesel,Automatique,7.0,occasion,79500
Mercedes Benz,Classe C,2016,150,Essence,Automatique,9.0,occasion,70000
Mercedes Benz,Classe C,2019,112,Hybride,Automatique,9.0,occasion,148000
Mercedes Benz,Classe C,2013,221,Essence,Automatique,9.0,occasion,70000
Mercedes Benz,Classe C,2013,281,Diesel,Manuelle,6.0,occasion,68000
Mercedes Benz,Classe C,2012,300,Essence,Automatique,11.0,occasion,68000
Mercedes Benz,Classe C,2014,137,Essence,Automatique,8.0,occasion,82000
Mercedes Benz,Classe C,2021,98,Hybride,Automatique,10.0,occasion,155000
Mercedes Benz,Classe C,2010,286,Essence,Automatique,9.0,occasion,38000
Mercedes Benz,Classe C,2024,40,Hybride,Automatique,9.0,occasion,205000
Mercedes Benz,Classe C,2021,120,Diesel,Automatique,8.0,occasion,133000
Mercedes Benz,Classe C,2015,200,Essence,Manuelle,8.0,occasion,74500
Mercedes Benz,Classe C,2016,160,Essence,Automatique,8.0,occasion,75000
Mercedes Benz,Classe C,2016,98,Essence,Automatique,9.0,occasion,105000
Mercedes Benz,Classe C,2008,414,Diesel,Automatique,8.0,occasion,48000
Mercedes Benz,Classe C,2025,15,Hybride,Automatique,9.0,occasion,249000
Mercedes Benz,Classe C,2017,54,Essence,Automatique,8.0,occasion,85000
Mercedes Benz,Classe C,2015,296,Essence,Manuelle,8.0,occasion,77000
Mercedes Benz,Classe C,2015,213,Diesel,Automatique,7.0,occasion,81000
Mercedes Benz,Classe C,2023,16,Hybride,Automatique,9.0,occasion,192000
Mercedes Benz,Classe C,2014,137,Essence,Automatique,9.0,occasion,85000
Mercedes Benz,Classe C,2022,23,Hybride,Automatique,9.0,occasion,174700
Mercedes Benz,Classe C,2020,90,Essence,Automatique,9.0,occasion,130000
Mercedes Benz,Classe C,2018,56,Essence,Automatique,8.0,occasion,97500
Mercedes Benz,Classe C,2019,60,Diesel,Automatique,9.0,occasion,148000
Mercedes Benz,Classe C,2023,55,Hybride,Automatique,9.0,occasion,205000
Mercedes Benz,Classe C,2020,116,Essence,Automatique,8.0,occasion,135000
Mercedes Benz,Classe C,2010,280,Diesel,Manuelle,6.0,occasion,44500
Mercedes Benz,Classe C,2018,148,Hybride,Automatique,10.0,occasion,150000
Mercedes Benz,Classe C,2019,147,Diesel,Automatique,11.0,occasion,125000
Mercedes Benz,Classe C,2015,217,Essence,Manuelle,8.0,occasion,76000
Mercedes Benz,Classe C,2022,29,Hybride,Automatique,10.0,occasion,195000
Mercedes Benz,Classe C,2009,193,Diesel,Manuelle,8.0,occasion,45000
Mercedes Benz,Classe C,2015,105,Essence,Automatique,8.0,occasion,77000
Mercedes Benz,Classe C,2015,50,Essence,Automatique,8.0,occasion,104000
Mercedes Benz,Classe C,2015,200,Essence,Automatique,8.0,occasion,69000
Mercedes Benz,Classe C,2014,164,Essence,Automatique,12.0,occasion,65000
Mercedes Benz,Classe C,2018,125,Essence,Automatique,9.0,occasion,119000
Mercedes Benz,Classe E Coupe,2010,80,Essence,Automatique,19.0,occasion,62000
Mercedes Benz,Classe E Coupe,2014,230,Essence,Automatique,10.0,occasion,91500
Mercedes Benz,Classe E Coupe,2014,112,Essence,Automatique,10.0,occasion,75000
Mercedes Benz,Classe E Coupe,2010,180,Essence,Automatique,11.0,occasion,56900
Mercedes Benz,Classe E Coupe,2014,112,Essence,Automatique,10.0,occasion,198000
Mercedes Benz,Classe E Coupe,2010,180,Essence,Automatique,12.0,occasion,65000
Mercedes Benz,Classe E Coupe,2010,199,Essence,Automatique,11.0,occasion,55000
Mercedes Benz,Classe E,2009,195,Essence,Automatique,11.0,occasion,55000
Mercedes Benz,Classe E,2017,88,Essence,Automatique,9.0,occasion,105000
Mercedes Benz,Classe E,2022,49,Essence,Automatique,9.0,occasion,248000
Mercedes Benz,Classe E,2009,195,Diesel,Automatique,12.0,occasion,59000
Mercedes Benz,Classe E,2022,55,Hybride,Automatique,11.0,occasion,335000
Mercedes Benz,Classe E,2017,168,Essence,Automatique,9.0,occasion,85000
Mercedes Benz,Classe E,2022,49,Essence,Automatique,9.0,occasion,190000
Mercedes Benz,Classe E,2014,140,Essence,Automatique,10.0,occasion,79000
Mercedes Benz,Classe E,2016,271,Essence,Automatique,10.0,occasion,118000
Mercedes Benz,Classe E,2018,165,Essence,Automatique,9.0,occasion,129000
Mercedes Benz,Classe E,2017,225,Essence,Automatique,9.0,occasion,123000
Mercedes Benz,Classe E,2016,174,Essence,Automatique,10.0,occasion,115000
Mercedes Benz,Classe E,2016,187,Essence,Automatique,10.0,occasion,139000
Mercedes Benz,Classe E,2018,165,Essence,Automatique,9.0,occasion,128000
Mercedes Benz,Classe E,2021,190,Hybride,Automatique,12.0,occasion,218000
Mercedes Benz,Classe E,2013,199,Essence,Automatique,11.0,occasion,59000
Mercedes Benz,Classe E,2021,190,Essence,Automatique,9.0,occasion,129000
Mercedes Benz,Classe E,2013,199,Essence,Automatique,15.0,occasion,50000
Mercedes Benz,Classe E,2021,190,Hybride,Automatique,12.0,occasion,225000
Mercedes Benz,Classe E,2015,52,Essence,Automatique,10.0,occasion,79000
Mercedes Benz,Classe E,2003,380,Diesel,Manuelle,9.0,occasion,34900
Mercedes Benz,Classe E,2017,223,Essence,Automatique,9.0,occasion,118000
Mercedes Benz,Classe E,2020,110,Essence,Automatique,11.0,occasion,155000
Mercedes Benz,Classe E,2013,208,Essence,Automatique,11.0,occasion,75000
Mercedes Benz,Classe E,2017,68,Essence,Automatique,10.0,occasion,123000
Mercedes Benz,Classe E,2019,156,Hybride,Automatique,9.0,occasion,180000
Mercedes Benz,Classe E,2013,125,Essence,Automatique,10.0,occasion,69000
Mercedes Benz,Classe E,2023,10,Hybride,Automatique,12.0,occasion,285000
Mercedes Benz,Classe E,2014,140,Essence,Automatique,9.0,occasion,85000
Mercedes Benz,Classe E,2017,150,Essence,Automatique,10.0,occasion,124000
Mercedes Benz,Classe E,2012,247,Diesel,Automatique,8.0,occasion,68500
Mercedes Benz,Classe E,2018,107,Essence,Automatique,9.0,occasion,130000
Mercedes Benz,Classe E,2019,160,Essence,Automatique,9.0,occasion,114000
Mercedes Benz,Classe E,2012,247,Diesel,Manuelle,10.0,occasion,51000
Mercedes Benz,Classe E,2021,130,Diesel,Automatique,9.0,occasion,225000
Mercedes Benz,Classe E,2015,152,Essence,Automatique,10.0,occasion,95500
Mercedes Benz,Classe E,2019,156,Diesel,Automatique,11.0,occasion,175000
Mercedes Benz,Classe E,2010,173,Diesel,Automatique,10.0,occasion,68000
Mercedes Benz,Classe E,2021,30,Hybride,Automatique,10.0,occasion,195000
Mercedes Benz,Classe E,2021,57,Hybride,Automatique,12.0,occasion,220000
Mercedes Benz,Classe E,2016,271,Essence,Automatique,12.0,occasion,120000
Mercedes Benz,Classe E,2012,270,Essence,Automatique,11.0,occasion,49900
Mercedes Benz,Classe E,2020,80,Diesel,Automatique,8.0,occasion,152000
Mercedes Benz,Classe E,2002,275,Diesel,Manuelle,9.0,occasion,35000
Mercedes Benz,Classe E,2010,190,Diesel,Automatique,10.0,occasion,51000
Mercedes Benz,Classe E,2009,161,Diesel,Automatique,11.0,occasion,56000
Mercedes Benz,Classe E,2010,190,Diesel,Automatique,10.0,occasion,51000
Mercedes Benz,Classe E,2022,15,Hybride,Automatique,10.0,occasion,235000
Mercedes Benz,Classe E,2019,160,Essence,Automatique,9.0,occasion,168000
Mercedes Benz,Classe E,2022,39,Hybride,Automatique,10.0,occasion,195000
Mercedes Benz,Classe E,2011,120,Diesel,Automatique,14.0,occasion,79900
Mercedes Benz,Classe E,2016,154,Essence,Automatique,10.0,occasion,119000
Mercedes Benz,Classe E,2017,161,Essence,Automatique,9.0,occasion,98000
Mercedes Benz,Classe E,2012,182,Essence,Automatique,11.0,occasion,57000
Mercedes Benz,Classe E,2016,130,Essence,Automatique,10.0,occasion,128000
Mercedes Benz,Classe E,2016,187,Diesel,Automatique,10.0,occasion,118000
Mercedes Benz,Classe E,2017,252,Diesel,Automatique,10.0,occasion,140000
Mercedes Benz,Classe E,2011,120,Diesel,Automatique,10.0,occasion,65000
Mercedes Benz,Classe E,2013,221,Essence,Automatique,10.0,occasion,89000
Mercedes Benz,Classe E,2021,70,Diesel,Automatique,8.0,occasion,155000
Mercedes Benz,Classe E,2016,140,Essence,Automatique,10.0,occasion,110000
Mercedes Benz,Classe E,2003,380,Diesel,Manuelle,9.0,occasion,32000
Mercedes Benz,Classe E,2014,140,Essence,Automatique,10.0,occasion,83500
Mercedes Benz,Classe G,2017,44000,Diesel,Automatique,17.0,occasion,450000
Mercedes Benz,Classe Gl,2016,94,Essence,Automatique,36.0,occasion,350000
Mercedes Benz,Classe Gl,2019,44,Diesel,Automatique,16.0,occasion,180000
Mercedes Benz,Classe S,2008,212,Essence,Automatique,19.0,occasion,95000
Mercedes Benz,Classe S,2008,151,Essence,Automatique,18.0,occasion,102000
Mercedes Benz,Classe S,2018,76,Hybride,Automatique,16.0,occasion,570000
Mercedes Benz,Classe S,2008,169,Essence,Automatique,19.0,occasion,65000
Mercedes Benz,Classe S,2014,50,Diesel,Automatique,17.0,occasion,259000
Mercedes Benz,Classe S,2008,151,Essence,Automatique,29.0,occasion,69000
Mercedes Benz,Classe S,2010,165,Diesel,Automatique,15.0,occasion,250000
Mercedes Benz,Classe S,2008,212,Essence,Automatique,15.0,occasion,78000
Mercedes Benz,Classe X,2018,158,Diesel,Automatique,8.0,occasion,155000
Mercedes Benz,Classe X,2019,152,Diesel,Manuelle,8.0,occasion,135000
Mercedes Benz,Cle Coupe,2024,15000,Essence,Automatique,12.0,occasion,316200
Mercedes Benz,Clk,2004,70000,Essence,Automatique,10.0,occasion,55000
Mercedes Benz,Cls,2015,66,Diesel,Automatique,11.0,occasion,78000
Mercedes Benz,Cls,2011,230,Diesel,Automatique,11.0,occasion,155000
Mercedes Benz,Eqa,2021,40,Electrique,Automatique,6.0,occasion,150000
Mercedes Benz,Eqa,2022,43,Electrique,Automatique,8.0,occasion,147000
Mercedes Benz,Eqa,2022,50,Electrique,Automatique,6.0,occasion,149000
Mercedes Benz,Eqa,2021,18,Electrique,Automatique,8.0,occasion,129500
Mercedes Benz,Eqa,2022,50,Electrique,Automatique,7.0,occasion,185000
Mercedes Benz,Eqb,2025,6,Electrique,Automatique,8.0,occasion,185000
Mercedes Benz,Eqb,2023,9,Electrique,Automatique,7.0,occasion,175000
Mercedes Benz,Eqs Berline,2022,53,Electrique,Automatique,8.0,occasion,350000
Mercedes Benz,Eqs Berline,2022,51,Electrique,Automatique,8.0,occasion,310000
Mercedes Benz,Gla,2016,185,Essence,Automatique,8.0,occasion,115000
Mercedes Benz,Gla,2023,45,Hybride,Automatique,8.0,occasion,218000
Mercedes Benz,Gla,2021,63,Essence,Automatique,9.0,occasion,165000
Mercedes Benz,Gla,2021,79,Hybride,Automatique,8.0,occasion,156000
Mercedes Benz,Gla,2015,97,Essence,Automatique,7.0,occasion,88000
Mercedes Benz,Gla,2015,190,Essence,Automatique,8.0,occasion,89000
Mercedes Benz,Gla,2017,150,Essence,Automatique,8.0,occasion,130000
Mercedes Benz,Gla,2016,67,Diesel,Automatique,9.0,occasion,95000
Mercedes Benz,Gla,2021,120,Hybride,Automatique,8.0,occasion,163000
Mercedes Benz,Gla,2021,44,Hybride,Automatique,8.0,occasion,158000
Mercedes Benz,Gla,2022,90,Essence,Automatique,7.0,occasion,155000
Mercedes Benz,Gla,2021,44,Essence,Automatique,7.0,occasion,105000
Mercedes Benz,Gla,2021,79,Hybride,Automatique,6.0,occasion,175000
Mercedes Benz,Gla,2022,32,Hybride,Automatique,8.0,occasion,137800
Mercedes Benz,Gla,2016,67,Essence,Automatique,8.0,occasion,84000
Mercedes Benz,Gla,2020,139,Essence,Automatique,9.0,occasion,129000
Mercedes Benz,Gla,2022,35,Hybride,Automatique,8.0,occasion,182000
Mercedes Benz,Gla,2021,77,Diesel,Automatique,8.0,occasion,179000
Mercedes Benz,Gla,2021,56,Hybride,Automatique,8.0,occasion,155000
Mercedes Benz,Gla,2021,61,Hybride,Automatique,8.0,occasion,137000
Mercedes Benz,Gla,2022,90,Hybride,Automatique,8.0,occasion,169000
Mercedes Benz,Gla,2022,35,Hybride,Automatique,8.0,occasion,148000
Mercedes Benz,Gla,2016,185,Essence,Automatique,9.0,occasion,95000
Mercedes Benz,Gla,2015,97,Diesel,Manuelle,5.0,occasion,78000
Mercedes Benz,Gla,2021,61,Hybride,Automatique,8.0,occasion,161000
Mercedes Benz,Gla,2021,72,Hybride,Automatique,8.0,occasion,155000
Mercedes Benz,Gla,2024,10,Hybride,Automatique,8.0,occasion,170000
Mercedes Benz,Glb,2022,30,Diesel,Automatique,8.0,occasion,188000
Mercedes Benz,Glb,2023,16,Essence,Automatique,9.0,occasion,180000
Mercedes Benz,Glc Coupe,2020,69,Hybride,Automatique,10.0,occasion,198000
Mercedes Benz,Glc Coupe,2021,38,Hybride,Automatique,12.0,occasion,258000
Mercedes Benz,Glc Coupe,2021,38,Hybride,Automatique,12.0,occasion,232000
Mercedes Benz,Glc Coupe,2021,41,Hybride,Automatique,12.0,occasion,252000
Mercedes Benz,Glc Coupe,2020,85,Hybride,Automatique,12.0,occasion,235000
Mercedes Benz,Glc Coupe,2020,82,Hybride,Automatique,10.0,occasion,225000
Mercedes Benz,Glc Coupe,2020,69,Hybride,Automatique,12.0,occasion,238000
Mercedes Benz,Glc Coupe,2024,33,Hybride,Automatique,11.0,occasion,357000
Mercedes Benz,Glc Coupe,2025,9,Hybride,Automatique,11.0,occasion,380000
Mercedes Benz,Glc Coupe,2021,33,Hybride,Automatique,12.0,occasion,218000
Mercedes Benz,Glc Coupe,2020,69,Hybride,Automatique,12.0,occasion,209000
Mercedes Benz,Glc Coupe,2025,4,Hybride,Automatique,11.0,occasion,385000
Mercedes Benz,Glc Coupe,2018,39,Diesel,Automatique,11.0,occasion,185000
Mercedes Benz,Glc Coupe,2021,38,Hybride,Automatique,12.0,occasion,198000
Mercedes Benz,Glc Coupe,2024,14,Hybride,Automatique,11.0,occasion,310000
Mercedes Benz,Glc Coupe,2021,55,Hybride,Automatique,12.0,occasion,265000
Mercedes Benz,Glc Coupe,2021,39,Hybride,Automatique,12.0,occasion,232000
Mercedes Benz,Glc Coupe,2018,130,Essence,Automatique,13.0,occasion,162900
Mercedes Benz,Glc Coupe,2020,79,Hybride,Automatique,15.0,occasion,240000
Mercedes Benz,Glc Coupe,2021,55,Hybride,Automatique,16.0,occasion,229000
Mercedes Benz,Glc Coupe,2018,92,Diesel,Automatique,9.0,occasion,129000
Mercedes Benz,Glc Coupe,2018,130,Essence,Automatique,13.0,occasion,195000
Mercedes Benz,Glc Coupe,2020,79,Diesel,Automatique,12.0,occasion,220000
Mercedes Benz,Glc Coupe,2024,33,Hybride,Automatique,12.0,occasion,310000
Mercedes Benz,Glc Coupe,2018,150,Diesel,Automatique,9.0,occasion,220000
Mercedes Benz,Glc,2018,105,Hybride,Automatique,10.0,occasion,178500
Mercedes Benz,Glc,2020,94,Hybride,Automatique,12.0,occasion,255000
Mercedes Benz,Glc,2020,94,Hybride,Automatique,10.0,occasion,225000
Mercedes Benz,Glc,2018,105,Essence,Automatique,12.0,occasion,120000
Mercedes Benz,Glc,2020,73,Hybride,Automatique,12.0,occasion,169000
Mercedes Benz,Glc,2021,59,Hybride,Automatique,12.0,occasion,375000
Mercedes Benz,Glc,2017,53,Essence,Automatique,12.0,occasion,145000
Mercedes Benz,Glc,2021,56,Hybride,Automatique,12.0,occasion,250000
Mercedes Benz,Glc,2020,76,Hybride,Automatique,12.0,occasion,250000
Mercedes Benz,Glc,2017,53,Essence,Automatique,12.0,occasion,119000
Mercedes Benz,Glc,2017,150,Diesel,Automatique,9.0,occasion,149000
Mercedes Benz,Gle Coupe,2021,40,Hybride,Automatique,11.0,occasion,379000
Mercedes Benz,Gle Coupe,2022,17,Hybride,Automatique,12.0,occasion,390000
Mercedes Benz,Gle Coupe,2018,85,Diesel,Automatique,16.0,occasion,225000
Mercedes Benz,Gle Coupe,2023,23,Hybride,Automatique,17.0,occasion,385000
Mercedes Benz,Gle Coupe,2021,40,Hybride,Automatique,12.0,occasion,365000
Mercedes Benz,Gle Coupe,2017,87,Essence,Automatique,26.0,occasion,225000
Mercedes Benz,Gle Coupe,2024,18,Hybride,Automatique,15.0,occasion,480000
Mercedes Benz,Gle Coupe,2018,130,Diesel,Automatique,16.0,occasion,209000
Mercedes Benz,Gle Coupe,2022,63,Hybride,Automatique,12.0,occasion,375000
Mercedes Benz,Gle Coupe,2022,63,Hybride,Automatique,16.0,occasion,440000
Mercedes Benz,Gle Coupe,2025,15,Hybride,Automatique,15.0,occasion,468000
Mercedes Benz,Gle Coupe,2021,45,Hybride,Automatique,16.0,occasion,430000
Mercedes Benz,Gle Coupe,2021,45,Hybride,Automatique,12.0,occasion,379000
Mercedes Benz,Gle Coupe,2017,40,Essence,Automatique,23.0,occasion,260000
Mercedes Benz,Gle Coupe,2024,18,Hybride,Automatique,15.0,occasion,460000
Mercedes Benz,Gle Coupe,2017,87,Essence,Automatique,26.0,occasion,310000
Mercedes Benz,Gle Coupe,2017,138,Diesel,Automatique,16.0,occasion,225000
Mercedes Benz,Gle,2021,69,Hybride,Automatique,12.0,occasion,290000
Mercedes Benz,Gle,2021,69,Diesel,Automatique,14.0,occasion,335000
Mercedes Benz,Gle,2021,109,Hybride,Automatique,12.0,occasion,270000
Mercedes Benz,Glk,2009,71000,Essence,Automatique,16.0,occasion,80000
Mercedes Benz,Ml,2007,330,Diesel,Automatique,15.0,occasion,65000
Mercedes Benz,Ml,2009,240,Essence,Automatique,19.0,occasion,68000
Mercedes Benz,Ml,2007,330,Diesel,Automatique,15.0,occasion,58000
Mercedes Benz,Ml,2013,185,Diesel,Automatique,12.0,occasion,125000
Mercedes Benz,Ml,2007,350,Diesel,Automatique,13.0,occasion,50000
Mercedes Benz,Ml,2013,155,Essence,Automatique,20.0,occasion,99000
Mercedes Benz,Ml,2013,185,Diesel,Automatique,12.0,occasion,110000
Mercedes Benz,Viano,2004,325000,Diesel,Manuelle,8.0,occasion,48000
Mg,3,2021,96000,Essence,Automatique,7.0,occasion,45000
Mg,5,2021,85,Electrique,Automatique,7.0,occasion,67000
Mg,5,2020,168,Essence,Manuelle,6.0,occasion,43000
Mg,5,2020,83,Essence,Manuelle,6.0,occasion,43500
Mg,5,2020,168,Essence,Manuelle,6.0,occasion,48500
Mg,5,2021,85,Essence,Manuelle,6.0,occasion,38000
Mg,6,2021,41000,Essence,Automatique,8.0,occasion,80000
Mg,Gs,2017,128,Essence,Automatique,9.0,occasion,54000
Mg,Gs,2017,202,Essence,Automatique,9.0,occasion,57000
Mg,Gs,2017,128,Essence,Automatique,9.0,occasion,62000
Mg,Gs,2017,202,Essence,Automatique,9.0,occasion,50000
Mg,Gt,2023,20,Essence,Manuelle,6.0,occasion,35500
Mg,Gt,2024,58,Essence,Automatique,9.0,occasion,83000
Mg,Gt,2024,29,Essence,Automatique,7.0,occasion,74000
Mg,Gt,2024,58,Essence,Automatique,7.0,occasion,82000
Mg,Gt,2024,52,Essence,Automatique,9.0,occasion,83000
Mg,Hs,2021,110,Essence,Automatique,10.0,occasion,77500
Mg,Hs,2021,78,Essence,Automatique,10.0,occasion,79000
Mg,Hs,2022,52,Essence,Automatique,15.0,occasion,98000
Mg,Hs,2022,52,Essence,Automatique,9.0,occasion,87000
Mg,Hs,2022,142,Essence,Automatique,9.0,occasion,80000
Mg,Hs,2022,57,Essence,Automatique,9.0,occasion,73000
Mg,Hs,2021,78,Essence,Automatique,10.0,occasion,80000
Mg,Hs,2022,57,Essence,Automatique,9.0,occasion,93000
Mg,One,2024,22,Essence,Automatique,9.0,occasion,70000
Mg,One,2024,31,Essence,Automatique,10.0,occasion,132240
Mg,Zs,2022,59,Essence,Automatique,7.0,occasion,73500
Mg,Zs,2021,55,Essence,Automatique,7.0,occasion,69500
Mg,Zs,2018,67,Essence,Automatique,7.0,occasion,49500
Mg,Zs,2022,60,Essence,Automatique,7.0,occasion,70000
Mg,Zs,2019,124,Essence,Manuelle,7.0,occasion,54000
Mg,Zs,2019,182,Essence,Automatique,7.0,occasion,55500
Mg,Zs,2022,73,Essence,Automatique,9.0,occasion,75000
Mg,Zs,2022,60,Essence,Automatique,7.0,occasion,67000
Mg,Zs,2020,80,Essence,Automatique,7.0,occasion,62000
Mg,Zs,2019,165,Essence,Automatique,7.0,occasion,47500
Mg,Zs,2020,114,Essence,Automatique,7.0,occasion,58800
Mg,Zs,2020,114,Essence,Manuelle,7.0,occasion,53500
Mg,Zs,2019,182,Essence,Manuelle,7.0,occasion,55000
Mg,Zs,2021,55,Essence,Automatique,7.0,occasion,55000
Mg,Zs,2022,23,Essence,Manuelle,7.0,occasion,67500
Mg,Zs,2022,51,Essence,Automatique,6.0,occasion,68000
Mg,Zs,2018,159,Essence,Manuelle,7.0,occasion,57000
Mg,Zs,2020,80,Essence,Manuelle,7.0,occasion,53000
Mg,Zs,2022,59,Essence,Automatique,9.0,occasion,80000
Mini,3 Portes,2009,180,Essence,Manuelle,5.0,occasion,25500
Mini,3 Portes,2009,297,Essence,Manuelle,4.0,occasion,35900
Mini,3 Portes,2009,297,Essence,Manuelle,5.0,occasion,30000
Mini,3 Portes,2009,180,Essence,Manuelle,5.0,occasion,32000
Mini,5 Portes,2021,113000,Essence,Manuelle,5.0,occasion,65000
Mini,Cooper S,2013,76400,Essence,Automatique,11.0,occasion,46000
Mini,Countryman,2018,90000,Essence,Automatique,6.0,occasion,98000
Mini,John Cooper Works,2010,220000,Essence,Manuelle,5.0,occasion,26500
Mitsubishi,Asx,2015,198,Essence,Manuelle,9.0,occasion,47000
Mitsubishi,Asx,2012,188,Essence,Manuelle,6.0,occasion,75000
Mitsubishi,Attrage,2018,197000,Essence,Automatique,4.0,occasion,32000
Mitsubishi,Attrage,2018,197,Essence,Manuelle,4.0,occasion,32000
Mitsubishi,L200 Double Cabine,2024,23990,Diesel,Manuelle,8.0,occasion,135000
Mitsubishi,L200 Sportero,2022,50,Diesel,Manuelle,8.0,occasion,65000
Mitsubishi,L200 Sportero,2011,150,Diesel,Automatique,8.0,occasion,140000
Mitsubishi,Lancer,2010,217000,Essence,Automatique,9.0,occasion,29000
Mitsubishi,Pajero Sport,1999,510000,Diesel,Manuelle,9.0,occasion,45000
Mitsubishi,Pajero,1993,310,Diesel,Manuelle,9.0,occasion,48000
Mitsubishi,Pajero,2010,220,Diesel,Manuelle,11.0,occasion,135000
Mitsubishi,Pajero,2010,220,Diesel,Manuelle,11.0,occasion,98000
Mitsubishi,Pajero,1991,185,Diesel,Manuelle,10.0,occasion,35000
Mitsubishi,Pajero,1993,310,Diesel,Manuelle,10.0,occasion,29000
Mitsubishi,Pajero,2010,157,Diesel,Manuelle,11.0,occasion,120000
Nissan,Altima,2015,138000,Essence,Automatique,11.0,occasion,46000
Nissan,Juke,2013,224,Essence,Automatique,6.0,occasion,47500
Nissan,Juke,2021,112,Essence,Automatique,6.0,occasion,78000
Nissan,Juke,2013,150,Essence,Manuelle,5.0,occasion,34900
Nissan,Juke,2022,84,Essence,Manuelle,6.0,occasion,70000
Nissan,Micra,2017,143,Essence,Manuelle,5.0,occasion,28500
Nissan,Micra,2017,143,Essence,Manuelle,5.0,occasion,30000
Nissan,Navara,2012,237,Diesel,Automatique,8.0,occasion,195000
Nissan,Navara,2012,237,Diesel,Manuelle,10.0,occasion,46500
Nissan,Navara,2012,238,Diesel,Manuelle,10.0,occasion,46500
Nissan,Navara,2012,238,Diesel,Manuelle,10.0,occasion,40000
Nissan,Navara,2011,377,Diesel,Manuelle,10.0,occasion,41000
Nissan,Patrol,2005,260,Diesel,Manuelle,12.0,occasion,52000
Nissan,Patrol,1994,200,Diesel,Manuelle,11.0,occasion,37000
Nissan,Patrol,2001,250,Diesel,Manuelle,12.0,occasion,75000
Nissan,Patrol,2005,260,Diesel,Manuelle,15.0,occasion,64000
Nissan,Patrol,1991,481,Diesel,Manuelle,11.0,occasion,34500
Nissan,Patrol,2001,384,Diesel,Manuelle,11.0,occasion,58000
Nissan,Qashqai,2024,11,Hybride,Automatique,8.0,occasion,150000
Nissan,Qashqai,2017,150,Essence,Automatique,6.0,occasion,63000
Nissan,Qashqai,2020,33,Essence,Automatique,6.0,occasion,76000
Nissan,Qashqai,2015,53,Essence,Automatique,6.0,occasion,52000
Nissan,Qashqai,2020,65,Essence,Automatique,6.0,occasion,68000
Nissan,Qashqai,2018,89,Essence,Automatique,6.0,occasion,78000
Nissan,Qashqai,2015,175,Essence,Automatique,6.0,occasion,52100
Nissan,Qashqai,2017,163,Essence,Automatique,6.0,occasion,62000
Nissan,Qashqai,2020,111,Essence,Automatique,6.0,occasion,75000
Nissan,Qashqai,2015,175,Essence,Automatique,6.0,occasion,49000
Nissan,Qashqai,2022,112,Essence,Automatique,6.0,occasion,78000
Nissan,Qashqai,2015,138,Essence,Manuelle,6.0,occasion,50000
Nissan,Qashqai,2025,7,Hybride,Automatique,7.0,occasion,139000
Nissan,Qashqai,2015,142,Diesel,Manuelle,7.0,occasion,47500
Nissan,Qashqai,2015,180,Essence,Manuelle,6.0,occasion,56000
Nissan,Qashqai,2015,138,Essence,Manuelle,7.0,occasion,38000
Nissan,Qashqai,2015,165,Diesel,Manuelle,7.0,occasion,64000
Nissan,Qashqai,2021,107,Essence,Automatique,8.0,occasion,89000
Nissan,Qashqai,2018,63,Essence,Manuelle,6.0,occasion,77000
Nissan,Qashqai,2019,90,Essence,Automatique,6.0,occasion,79000
Nissan,Terrano,2001,400000,Diesel,Manuelle,10.0,occasion,33000
Nissan,X Trail,2004,357000,Diesel,Manuelle,9.0,occasion,35500
Opel,Astra,2025,5,Essence,Manuelle,6.0,occasion,55000
Opel,Astra,2021,95,Essence,Automatique,7.0,occasion,95000
Opel,Astra,2021,95,Essence,Manuelle,8.0,occasion,31000
Opel,Calibra,1994,76000,Essence,Manuelle,8.0,occasion,55000
Opel,Combo,2021,72000,Diesel,Manuelle,5.0,occasion,45000
Opel,Corsa,2021,121,Essence,Manuelle,5.0,occasion,33500
Opel,Corsa,2022,171,Essence,Manuelle,5.0,occasion,40000
Opel,Corsa,2022,115,Essence,Manuelle,5.0,occasion,39000
Opel,Corsa,2022,115,Essence,Manuelle,5.0,occasion,35000
Opel,Mokka,2022,67396,Essence,Automatique,7.0,occasion,72000
Opel,Vivaro,2010,82000,Diesel,Manuelle,7.0,occasion,42000
Peugeot,107,2011,270000,Essence,Manuelle,4.0,occasion,24000
Peugeot,108,2016,94000,Essence,Manuelle,4.0,occasion,33000
Peugeot,2008,2017,110,Essence,Manuelle,5.0,occasion,50000
Peugeot,2008,2020,100,Diesel,Automatique,6.0,occasion,89000
Peugeot,2008,2021,11,Diesel,Manuelle,5.0,occasion,68500
Peugeot,2008,2021,11,Essence,Automatique,7.0,occasion,62000
Peugeot,2008,2018,127,Essence,Manuelle,5.0,occasion,37900
Peugeot,2008,2017,32,Essence,Manuelle,5.0,occasion,42500
Peugeot,2008,2018,104,Essence,Automatique,6.0,occasion,42000
Peugeot,2008,2017,48,Essence,Manuelle,5.0,occasion,36000
Peugeot,2008,2020,65,Essence,Manuelle,5.0,occasion,75500
Peugeot,2008,2021,143,Essence,Automatique,5.0,occasion,57000
Peugeot,2008,2020,112,Essence,Automatique,7.0,occasion,58000
Peugeot,2008,2016,160,Essence,Manuelle,5.0,occasion,47000
Peugeot,2008,2016,128,Essence,Manuelle,5.0,occasion,34000
Peugeot,2008,2020,43,Essence,Manuelle,5.0,occasion,46000
Peugeot,2008,2015,103,Essence,Manuelle,5.0,occasion,30000
Peugeot,2008,2021,96,Essence,Automatique,7.0,occasion,75000
Peugeot,2008,2020,112,Essence,Manuelle,6.0,occasion,63000
Peugeot,2008,2022,20,Diesel,Automatique,7.0,occasion,85000
Peugeot,2008,2015,103,Essence,Manuelle,5.0,occasion,38000
Peugeot,206 Plus,2012,120000,Diesel,Manuelle,4.0,occasion,16000
Peugeot,206,2004,300,Essence,Manuelle,4.0,occasion,20500
Peugeot,206,2004,300,Essence,Manuelle,4.0,occasion,19800
Peugeot,206,2004,222,Essence,Manuelle,4.0,occasion,19500
Peugeot,207,2006,359000,Essence,Manuelle,6.0,occasion,19900
Peugeot,208,2021,25,Essence,Manuelle,4.0,occasion,35500
Peugeot,208,2022,58,Essence,Manuelle,4.0,occasion,44000
Peugeot,208,2017,113,Essence,Manuelle,5.0,occasion,35000
Peugeot,208,2022,29,Essence,Manuelle,5.0,occasion,49500
Peugeot,208,2018,80,Essence,Manuelle,5.0,occasion,31500
Peugeot,208,2018,135,Essence,Manuelle,5.0,occasion,33500
Peugeot,208,2023,45,Essence,Manuelle,4.0,occasion,40900
Peugeot,208,2022,70,Essence,Manuelle,5.0,occasion,44000
Peugeot,208,2022,45,Essence,Manuelle,4.0,occasion,39500
Peugeot,208,2022,69,Essence,Manuelle,4.0,occasion,43000
Peugeot,208,2022,69,Essence,Manuelle,4.0,occasion,44000
Peugeot,208,2016,106,Essence,Manuelle,5.0,occasion,32500
Peugeot,208,2022,39,Essence,Manuelle,4.0,occasion,40000
Peugeot,208,2020,61,Essence,Manuelle,5.0,occasion,42000
Peugeot,208,2021,25,Diesel,Manuelle,5.0,occasion,43500
Peugeot,208,2019,116,Essence,Manuelle,4.0,occasion,28500
Peugeot,208,2017,113,Essence,Manuelle,5.0,occasion,29800
Peugeot,208,2020,61,Essence,Manuelle,4.0,occasion,29500
Peugeot,208,2023,26,Essence,Manuelle,4.0,occasion,39000
Peugeot,208,2019,166,Essence,Manuelle,4.0,occasion,31000
Peugeot,208,2018,75,Essence,Manuelle,4.0,occasion,29500
Peugeot,208,2020,61,Essence,Manuelle,4.0,occasion,32000
Peugeot,208,2021,119,Essence,Manuelle,6.0,occasion,55000
Peugeot,208,2023,48,Essence,Manuelle,4.0,occasion,40500
Peugeot,208,2021,49,Essence,Manuelle,5.0,occasion,35000
Peugeot,208,2021,119,Essence,Manuelle,5.0,occasion,46000
Peugeot,208,2023,62,Essence,Manuelle,4.0,occasion,42500
Peugeot,208,2022,67,Essence,Manuelle,5.0,occasion,46500
Peugeot,208,2020,115,Essence,Manuelle,4.0,occasion,29500
Peugeot,208,2023,45,Essence,Manuelle,4.0,occasion,41500
Peugeot,208,2019,116,Essence,Manuelle,4.0,occasion,26500
Peugeot,3008,2018,127,Essence,Automatique,9.0,occasion,84900
Peugeot,3008,2017,222,Essence,Manuelle,7.0,occasion,62000
Peugeot,3008,2022,115,Essence,Automatique,9.0,occasion,78000
Peugeot,3008,2022,140,Essence,Manuelle,6.0,occasion,76000
Peugeot,3008,2017,222,Diesel,Manuelle,6.0,occasion,73500
Peugeot,3008,2020,85,Essence,Manuelle,7.0,occasion,73000
Peugeot,3008,2018,132,Diesel,Manuelle,6.0,occasion,85000
Peugeot,3008,2012,168,Essence,Manuelle,7.0,occasion,31000
Peugeot,3008,2017,182,Essence,Automatique,9.0,occasion,74000
Peugeot,3008,2022,140,Diesel,Manuelle,12.0,occasion,67662
Peugeot,3008,2020,75,Essence,Automatique,7.0,occasion,70000
Peugeot,3008,2020,75,Diesel,Manuelle,6.0,occasion,73000
Peugeot,3008,2020,164,Essence,Automatique,7.0,occasion,88000
Peugeot,3008,2017,182,Essence,Automatique,9.0,occasion,87000
Peugeot,3008,2020,164,Essence,Automatique,9.0,occasion,91000
Peugeot,3008,2020,169,Essence,Automatique,7.0,occasion,70000
Peugeot,3008,2013,200,Essence,Manuelle,7.0,occasion,34000
Peugeot,3008,2020,85,Essence,Automatique,7.0,occasion,80000
Peugeot,301,2019,220,Essence,Manuelle,5.0,occasion,38000
Peugeot,301,2014,170,Essence,Manuelle,5.0,occasion,23000
Peugeot,301,2013,237,Essence,Manuelle,5.0,occasion,25000
Peugeot,301,2014,170,Essence,Manuelle,5.0,occasion,19000
Peugeot,301,2018,128,Essence,Manuelle,5.0,occasion,27500
Peugeot,301,2016,160,Essence,Manuelle,5.0,occasion,26000
Peugeot,301,2019,220,Essence,Manuelle,5.0,occasion,27900
Peugeot,307,2006,143,Essence,Manuelle,7.0,occasion,20000
Peugeot,307,2004,274,Essence,Manuelle,6.0,occasion,25000
Peugeot,308 Gt,2024,19,Hybride,Automatique,7.0,occasion,114990
Peugeot,308 Gt,2024,18,Essence,Automatique,5.0,occasion,119000
Peugeot,308,2018,36,Essence,Manuelle,6.0,occasion,48000
Peugeot,308,2017,195,Essence,Manuelle,5.0,occasion,38000
Peugeot,308,2020,33,Diesel,Manuelle,5.0,occasion,60000
Peugeot,308,2020,60,Essence,Manuelle,6.0,occasion,52000
Peugeot,308,2021,114,Diesel,Manuelle,6.0,occasion,53000
Peugeot,308,2021,136,Essence,Manuelle,6.0,occasion,39500
Peugeot,308,2021,150,Essence,Manuelle,6.0,occasion,39000
Peugeot,308,2022,81,Essence,Automatique,7.0,occasion,85000
Peugeot,308,2017,184,Essence,Manuelle,5.0,occasion,37500
Peugeot,308,2020,134,Diesel,Manuelle,5.0,occasion,52500
Peugeot,308,2016,150,Essence,Manuelle,5.0,occasion,37500
Peugeot,308,2017,195,Essence,Manuelle,5.0,occasion,35000
Peugeot,308,2018,50,Essence,Manuelle,6.0,occasion,46600
Peugeot,308,2021,114,Essence,Manuelle,6.0,occasion,46000
Peugeot,4008,2014,157000,Essence,Manuelle,9.0,occasion,46500
Peugeot,404,2017,103000,Diesel,Manuelle,7.0,occasion,40000
Peugeot,407,2009,400,Diesel,Manuelle,6.0,occasion,35000
Peugeot,407,2009,400,Essence,Manuelle,9.0,occasion,30000
Peugeot,407,2009,230,Diesel,Manuelle,6.0,occasion,24000
Peugeot,5008,2021,152,Essence,Manuelle,7.0,occasion,130000
Peugeot,5008,2021,152,Diesel,Automatique,7.0,occasion,150000
Peugeot,5008,2021,180,Diesel,Automatique,7.0,occasion,125900
Peugeot,5008,2021,180,Essence,Manuelle,7.0,occasion,79900
Peugeot,508,2017,176,Diesel,Automatique,6.0,occasion,58000
Peugeot,508,2011,254,Essence,Automatique,7.0,occasion,32500
Peugeot,508,2013,200,Essence,Automatique,7.0,occasion,30000
Peugeot,508,2017,171,Diesel,Automatique,6.0,occasion,49000
Peugeot,508,2013,170,Essence,Automatique,9.0,occasion,35000
Peugeot,508,2015,98,Essence,Automatique,7.0,occasion,33000
Peugeot,508,2011,229,Essence,Automatique,7.0,occasion,40000
Peugeot,508,2011,254,Essence,Automatique,7.0,occasion,34000
Peugeot,508,2015,197,Essence,Automatique,7.0,occasion,42000
Peugeot,508,2011,229,Essence,Automatique,7.0,occasion,35000
Peugeot,508,2017,176,Essence,Automatique,8.0,occasion,75900
Peugeot,Bipper Tepee,2013,150000,Essence,Manuelle,5.0,occasion,34500
Peugeot,Boxer,2020,129,Diesel,Manuelle,7.0,occasion,79000
Peugeot,Boxer,2021,133,Diesel,Manuelle,7.0,occasion,70000
Peugeot,Boxer,2019,275,Diesel,Manuelle,7.0,occasion,65000
Peugeot,Boxer,2020,129,Diesel,Manuelle,9.0,occasion,45000
Peugeot,E 208,2021,40000,Electrique,Automatique,4.0,occasion,63000
Peugeot,Expert Combi,2020,69000,Diesel,Automatique,9.0,occasion,74000
Peugeot,Landtrek Double Cabine,2022,100,Diesel,Manuelle,6.0,occasion,99000
Peugeot,Landtrek Double Cabine,2022,100,Diesel,Manuelle,6.0,occasion,83000
Peugeot,Landtrek Double Cabine,2022,100,Diesel,Manuelle,6.0,occasion,84000
Peugeot,Landtrek Double Cabine,2022,125,Diesel,Manuelle,6.0,occasion,72000
Peugeot,Landtrek Simple Cabine,2023,133,Diesel,Manuelle,6.0,occasion,56500
Peugeot,Landtrek Simple Cabine,2022,83,Diesel,Manuelle,6.0,occasion,53000
Peugeot,Partner Origin Utilitaire,2020,200000,Diesel,Manuelle,5.0,occasion,52000
Peugeot,Partner,2021,150,Diesel,Manuelle,5.0,occasion,42000
Peugeot,Partner,2020,200,Diesel,Manuelle,5.0,occasion,55000
Peugeot,Partner,2023,127,Diesel,Manuelle,5.0,occasion,51000
Peugeot,Partner,2022,110,Diesel,Manuelle,5.0,occasion,47000
Peugeot,Partner,2020,289,Diesel,Manuelle,5.0,occasion,36000
Peugeot,Partner,2021,261,Diesel,Manuelle,5.0,occasion,47500
Peugeot,Partner,2021,128,Diesel,Manuelle,5.0,occasion,41990
Peugeot,Partner,2020,289,Diesel,Manuelle,5.0,occasion,44000
Peugeot,Partner,2020,200,Diesel,Manuelle,5.0,occasion,38000
Peugeot,Partner,2020,87,Diesel,Manuelle,5.0,occasion,43540
Peugeot,Partner,2021,139,Diesel,Manuelle,5.0,occasion,41900
Peugeot,Partner,2021,115,Diesel,Manuelle,5.0,occasion,40900
Peugeot,Rcz,2011,92000,Essence,Manuelle,9.0,occasion,39900
Peugeot,Rifter,2020,122,Diesel,Manuelle,5.0,occasion,82000
Peugeot,Rifter,2020,195,Diesel,Manuelle,5.0,occasion,75000
Peugeot,Rifter,2020,122,Diesel,Manuelle,7.0,occasion,74000
Peugeot,Rifter,2020,145,Diesel,Manuelle,6.0,occasion,70000
Porsche,Cayenne Coupe,2021,40000,Hybride,Automatique,22.0,occasion,395000
Porsche,Cayenne,2012,195,Diesel,Automatique,15.0,occasion,155000
Porsche,Cayenne,2008,230,Essence,Automatique,21.0,occasion,85000
Porsche,Cayenne,2012,195,Essence,Automatique,21.0,occasion,122000
Porsche,Cayenne,2017,130,Diesel,Automatique,15.0,occasion,249000
Porsche,Cayenne,2010,204,Essence,Automatique,21.0,occasion,105000
Porsche,Cayenne,2012,195,Essence,Automatique,21.0,occasion,155000
Porsche,Cayenne,2013,210,Essence,Automatique,21.0,occasion,129900
Porsche,Cayenne,2011,150,Diesel,Automatique,15.0,occasion,122000
Porsche,Cayenne,2012,236,Diesel,Automatique,28.0,occasion,185000
Porsche,Cayenne,2008,184,Essence,Automatique,21.0,occasion,65500
Porsche,Cayenne,2011,150,Essence,Automatique,21.0,occasion,119000
Porsche,Cayenne,2009,212,Essence,Automatique,21.0,occasion,67000
Porsche,Cayenne,2012,90,Diesel,Automatique,15.0,occasion,128000
Porsche,Cayenne,2017,130,Essence,Automatique,33.0,occasion,325000
Porsche,Cayenne,2008,90,Essence,Automatique,21.0,occasion,64000
Porsche,Cayenne,2008,90,Essence,Automatique,20.0,occasion,53000
Porsche,Cayenne,2011,271,Essence,Automatique,30.0,occasion,112000
Porsche,Cayenne,2018,89,Diesel,Automatique,28.0,occasion,185000
Porsche,Cayenne,2008,175,Essence,Automatique,21.0,occasion,87000
Porsche,Cayenne,2009,214,Essence,Automatique,30.0,occasion,65000
Porsche,Macan,2020,80,Essence,Automatique,17.0,occasion,350000
Porsche,Macan,2020,100,Essence,Automatique,15.0,occasion,185000
Porsche,Macan,2020,80,Essence,Automatique,16.0,occasion,215000
Porsche,Macan,2022,23,Electrique,Automatique,9.0,occasion,289500
Porsche,Macan,2020,100,Essence,Automatique,15.0,occasion,260000
Porsche,Panamera,2010,76,Essence,Automatique,30.0,occasion,190000
Porsche,Panamera,2013,150,Essence,Automatique,20.0,occasion,130000
Porsche,Panamera,2012,54,Diesel,Automatique,15.0,occasion,175000
Porsche,Panamera,2013,151,Essence,Automatique,20.0,occasion,129000
Porsche,Panamera,2010,140,Essence,Automatique,20.0,occasion,160000
Porsche,Panamera,2013,150,Essence,Automatique,33.0,occasion,245000
Porsche,Panamera,2012,70,Essence,Automatique,27.0,occasion,195000
Renault,Alpine A110,2025,38000,Hybride,Automatique,5.0,occasion,80000
Renault,Captur,2015,66,Essence,Manuelle,6.0,occasion,36000
Renault,Captur,2015,66,Essence,Manuelle,5.0,occasion,36000
Renault,Captur,2016,200,Essence,Manuelle,5.0,occasion,69000
Renault,Captur,2015,183,Essence,Manuelle,6.0,occasion,46800
Renault,Captur,2015,183,Essence,Manuelle,5.0,occasion,39900
Renault,Captur,2015,96,Essence,Manuelle,6.0,occasion,35800
Renault,Clio,2022,158,Essence,Manuelle,5.0,occasion,48500
Renault,Clio,2022,95,Essence,Manuelle,5.0,occasion,46500
Renault,Clio,2021,46,Essence,Manuelle,5.0,occasion,43000
Renault,Clio,2021,46,Essence,Manuelle,5.0,occasion,50000
Renault,Clio,2022,113,Essence,Manuelle,4.0,occasion,45000
Renault,Clio,2021,67,Essence,Manuelle,5.0,occasion,37500
Renault,Clio,2022,95,Essence,Manuelle,5.0,occasion,39900
Renault,Clio,2020,160,Essence,Manuelle,5.0,occasion,51000
Renault,Clio,2021,46,Essence,Manuelle,5.0,occasion,50000
Renault,Clio,2021,101,Essence,Manuelle,5.0,occasion,45500
Renault,Clio,2019,77,Essence,Manuelle,5.0,occasion,46500
Renault,Clio,2020,100,Essence,Manuelle,5.0,occasion,39500
Renault,Clio,2022,158,Essence,Manuelle,5.0,occasion,42000
Renault,Clio,2004,285,Essence,Manuelle,5.0,occasion,23000
Renault,Clio,2021,101,Essence,Manuelle,4.0,occasion,50000
Renault,Clio,2017,167,Essence,Manuelle,5.0,occasion,32000
Renault,Clio,2020,100,Essence,Manuelle,5.0,occasion,38800
Renault,Clio,2006,279,Essence,Manuelle,4.0,occasion,22500
Renault,Clio,2018,48,Essence,Manuelle,5.0,occasion,33500
Renault,Express Van,2023,38,Diesel,Manuelle,5.0,occasion,48000
Renault,Express Van,2024,75,Diesel,Manuelle,5.0,occasion,48000
Renault,Fluence,2012,290000,Essence,Manuelle,7.0,occasion,26500
Renault,Kadjar,2018,213,Essence,Automatique,7.0,occasion,75000
Renault,Kadjar,2018,112,Essence,Automatique,7.0,occasion,49500
Renault,Kadjar,2018,213,Essence,Manuelle,7.0,occasion,55000
Renault,Kadjar,2018,112,Essence,Manuelle,7.0,occasion,55000
Renault,Koleos,2010,200000,Diesel,Automatique,10.0,occasion,29500
Renault,Kwid Outsider,2022,77000,Essence,Manuelle,4.0,occasion,34500
Renault,Kwid,2022,28,Essence,Manuelle,4.0,occasion,33000
Renault,Kwid,2024,5,Essence,Manuelle,4.0,occasion,35500
Renault,Megane Coupe,2015,210,Essence,Manuelle,7.0,occasion,32000
Renault,Megane Coupe,2010,116,Essence,Manuelle,7.0,occasion,35500
Renault,Megane Sedan,2019,123,Essence,Manuelle,7.0,occasion,53000
Renault,Megane Sedan,2019,56,Essence,Manuelle,7.0,occasion,44000
Renault,Megane,2009,254,Diesel,Manuelle,6.0,occasion,32000
Renault,Megane,2020,189,Essence,Automatique,7.0,occasion,59000
Renault,Megane,2020,170,Essence,Manuelle,7.0,occasion,49000
Renault,Megane,2020,86,Diesel,Manuelle,5.0,occasion,57500
Renault,Megane,2020,189,Essence,Manuelle,7.0,occasion,46000
Renault,Megane,2021,94,Hybride,Automatique,6.0,occasion,65000
Renault,Megane,2011,336,Diesel,Manuelle,5.0,occasion,31000
Renault,Megane,2009,309,Diesel,Manuelle,5.0,occasion,35500
Renault,Megane,2020,86,Diesel,Manuelle,5.0,occasion,56000
Renault,Megane,2011,271,Diesel,Manuelle,5.0,occasion,30400
Renault,Rafale,2025,3600,Hybride,Automatique,7.0,occasion,185000
Renault,Scenic,2020,187,Diesel,Manuelle,6.0,occasion,25000
Renault,Scenic,2007,338,Diesel,Automatique,6.0,occasion,63000
Renault,Trafic,2018,300,Diesel,Manuelle,6.0,occasion,50000
Renault,Trafic,2014,160,Diesel,Manuelle,7.0,occasion,78000
Renault,Vel Satis,2003,280000,Diesel,Manuelle,7.0,occasion,18500
Seat,Altea,2016,245000,Diesel,Manuelle,5.0,occasion,37000
Seat,Arona,2023,100,Essence,Automatique,6.0,occasion,73000
Seat,Arona,2023,100,Essence,Automatique,6.0,occasion,79500
Seat,Arona,2023,100,Essence,Automatique,6.0,occasion,79000
Seat,Arona,2022,151,Essence,Manuelle,6.0,occasion,68000
Seat,Arona,2023,100,Essence,Automatique,6.0,occasion,83000
Seat,Arona,2020,53,Essence,Automatique,6.0,occasion,78000
Seat,Arona,2021,101,Essence,Manuelle,6.0,occasion,65000
Seat,Arona,2022,39,Essence,Automatique,6.0,occasion,63500
Seat,Arona,2021,53,Essence,Automatique,6.0,occasion,78000
Seat,Arona,2020,95,Essence,Manuelle,5.0,occasion,68000
Seat,Arona,2023,90,Essence,Automatique,6.0,occasion,75000
Seat,Ateca,2017,153,Diesel,Manuelle,6.0,occasion,83000
Seat,Ateca,2018,160,Essence,Manuelle,8.0,occasion,69000
Seat,Ateca,2021,102,Essence,Automatique,8.0,occasion,105000
Seat,Ateca,2021,34,Essence,Automatique,8.0,occasion,97000
Seat,Ateca,2020,74,Essence,Automatique,8.0,occasion,112000
Seat,Ateca,2021,34,Essence,Automatique,8.0,occasion,101000
Seat,Ibiza Populaire,2019,100000,Essence,Manuelle,4.0,occasion,42500
Seat,Ibiza,2021,28,Essence,Manuelle,4.0,occasion,45000
Seat,Ibiza,2020,127,Essence,Manuelle,6.0,occasion,59000
Seat,Ibiza,2020,125,Essence,Manuelle,6.0,occasion,59000
Seat,Ibiza,2018,181,Essence,Manuelle,4.0,occasion,49000
Seat,Ibiza,2018,43,Essence,Manuelle,4.0,occasion,30500
Seat,Ibiza,2021,75,Essence,Manuelle,4.0,occasion,61000
Seat,Ibiza,2020,91,Essence,Manuelle,4.0,occasion,55000
Seat,Ibiza,2021,105,Essence,Manuelle,4.0,occasion,61000
Seat,Ibiza,2021,105,Essence,Manuelle,4.0,occasion,52000
Seat,Ibiza,2021,28,Essence,Automatique,6.0,occasion,75000
Seat,Ibiza,2020,127,Essence,Manuelle,4.0,occasion,48500
Seat,Ibiza,2020,125,Essence,Manuelle,4.0,occasion,52000
Seat,Leon Sc,2016,228,Essence,Manuelle,6.0,occasion,42000
Seat,Leon Sc,2016,163,Essence,Manuelle,6.0,occasion,44900
Seat,Leon Sc,2017,158,Essence,Manuelle,6.0,occasion,47000
Seat,Leon Sc,2016,163,Essence,Manuelle,6.0,occasion,43000
Seat,Leon,2015,192,Essence,Automatique,6.0,occasion,52000
Seat,Leon,2020,85,Essence,Manuelle,6.0,occasion,69000
Seat,Leon,2021,59,Essence,Automatique,8.0,occasion,86000
Seat,Leon,2021,182,Essence,Manuelle,6.0,occasion,79000
Seat,Leon,2021,156,Essence,Automatique,8.0,occasion,98000
Seat,Leon,2017,59,Essence,Manuelle,6.0,occasion,60000
Seat,Leon,2015,192,Essence,Manuelle,5.0,occasion,41000
Seat,Leon,2019,68,Essence,Manuelle,6.0,occasion,56500
Seat,Leon,2020,115,Essence,Manuelle,6.0,occasion,69000
Seat,Leon,2019,68,Essence,Manuelle,6.0,occasion,62000
Seat,Leon,2020,103,Essence,Manuelle,6.0,occasion,65000
Seat,Leon,2014,96,Essence,Manuelle,5.0,occasion,48000
Seat,Leon,2017,147,Essence,Manuelle,6.0,occasion,70000
Seat,Leon,2021,59,Essence,Automatique,8.0,occasion,81000
Seat,Leon,2021,156,Essence,Automatique,7.0,occasion,74000
Seat,Leon,2020,85,Essence,Manuelle,6.0,occasion,59000
Seat,Leon,2021,58,Essence,Automatique,8.0,occasion,83000
Seat,Leon,2014,96,Essence,Automatique,8.0,occasion,34500
Seat,Tarraco,2020,140000,Essence,Automatique,9.0,occasion,97000
Skoda,Fabia,2022,115,Essence,Manuelle,4.0,occasion,42000
Skoda,Fabia,2021,135,Essence,Manuelle,4.0,occasion,47000
Skoda,Kamiq,2022,94,Essence,Manuelle,6.0,occasion,79662
Skoda,Kamiq,2020,79,Essence,Automatique,6.0,occasion,70000
Skoda,Octavia,2015,135,Essence,Automatique,8.0,occasion,43000
Skoda,Octavia,2016,191,Essence,Automatique,7.0,occasion,41500
Skoda,Octavia,2022,30,Diesel,Automatique,7.0,occasion,83000
Skoda,Octavia,2016,173,Essence,Automatique,8.0,occasion,35000
Skoda,Octavia,2019,132,Essence,Automatique,8.0,occasion,65000
Skoda,Octavia,2019,132,Essence,Automatique,8.0,occasion,55000
Skoda,Octavia,2019,132,Essence,Automatique,6.0,occasion,55000
Skoda,Octavia,2022,30,Essence,Automatique,8.0,occasion,85000
Skoda,Octavia,2021,135,Essence,Automatique,6.0,occasion,83000
Skoda,Octavia,2017,214,Essence,Automatique,8.0,occasion,48000
Skoda,Octavia,2021,135,Essence,Automatique,8.0,occasion,109000
Skoda,Scala,2021,70,Essence,Automatique,6.0,occasion,73000
Skoda,Scala,2024,48,Essence,Automatique,6.0,occasion,69000
Skoda,Superb,2022,85,Essence,Automatique,8.0,occasion,125000
Skoda,Superb,2021,60,Essence,Automatique,8.0,occasion,98000
Skoda,Superb,2022,85,Essence,Automatique,8.0,occasion,130000
Skoda,Yeti,2016,224000,Essence,Automatique,7.0,occasion,45000
Smart,Fortwo,2016,44000,Essence,Automatique,4.0,occasion,45000
Ssangyong,Actyon Sports,2014,260000,Diesel,Manuelle,7.0,occasion,36500
Ssangyong,Chairman,2017,6000,Essence,Manuelle,17.0,occasion,94000
Ssangyong,Rexton,2011,199000,Diesel,Automatique,11.0,occasion,49000
Ssangyong,Tivoli,2018,184,Essence,Manuelle,7.0,occasion,51500
Ssangyong,Tivoli,2021,90,Essence,Manuelle,6.0,occasion,66000
Ssangyong,Tivoli,2018,88,Essence,Automatique,8.0,occasion,56000
Ssangyong,Tivoli,2018,59,Essence,Manuelle,7.0,occasion,48000
Ssangyong,Tivoli,2018,61,Essence,Manuelle,7.0,occasion,52000
Ssangyong,Tivoli,2018,88,Essence,Automatique,7.0,occasion,49000
Ssangyong,Tivoli,2022,59,Essence,Manuelle,6.0,occasion,64000
Ssangyong,Tivoli,2022,85,Essence,Manuelle,6.0,occasion,71000
Ssangyong,Tivoli,2022,60,Essence,Manuelle,6.0,occasion,69000
Ssangyong,Tivoli,2022,60,Essence,Manuelle,6.0,occasion,64000
Ssangyong,Tivoli,2021,90,Essence,Manuelle,6.0,occasion,55000
Ssangyong,Tivoli,2018,61,Essence,Automatique,8.0,occasion,58000
Ssangyong,Tivoli,2020,108,Essence,Manuelle,6.0,occasion,57000
Suzuki,Baleno,2024,68,Essence,Automatique,5.0,occasion,50000
Suzuki,Baleno,2018,101,Essence,Automatique,6.0,occasion,90000
Suzuki,Celerio,2023,97,Essence,Automatique,4.0,occasion,43000
Suzuki,Celerio,2023,34,Essence,Automatique,4.0,occasion,36500
Suzuki,Celerio,2023,30,Essence,Manuelle,4.0,occasion,40900
Suzuki,Celerio,2021,45,Essence,Manuelle,4.0,occasion,30000
Suzuki,Celerio,2023,10,Essence,Manuelle,4.0,occasion,38500
Suzuki,Celerio,2023,15,Essence,Manuelle,4.0,occasion,38500
Suzuki,Celerio,2019,75,Essence,Manuelle,4.0,occasion,28000
Suzuki,Celerio,2023,15,Essence,Manuelle,4.0,occasion,35500
Suzuki,Celerio,2023,33,Essence,Manuelle,4.0,occasion,37500
Suzuki,Celerio,2023,30,Essence,Manuelle,4.0,occasion,39500
Suzuki,Celerio,2019,75,Essence,Automatique,4.0,occasion,37000
Suzuki,Ciaz,2020,96,Essence,Manuelle,6.0,occasion,55000
Suzuki,Ciaz,2020,96,Essence,Automatique,6.0,occasion,47000
Suzuki,Ciaz,2020,112,Essence,Manuelle,6.0,occasion,43000
Suzuki,Ertiga,2021,153000,Essence,Automatique,6.0,occasion,49500
Suzuki,Jimny 5P,2025,100,Essence,Automatique,6.0,occasion,115000
Suzuki,Jimny 5P,2024,5,Essence,Automatique,6.0,occasion,119000
Suzuki,Jimny,2023,24,Essence,Automatique,6.0,occasion,92000
Suzuki,Jimny,2023,24,Essence,Automatique,6.0,occasion,87000
Suzuki,Jimny,2023,51,Essence,Automatique,6.0,occasion,85000
Suzuki,Jimny,2023,26,Essence,Automatique,6.0,occasion,95000
Suzuki,Swift,2021,132,Essence,Manuelle,5.0,occasion,38500
Suzuki,Swift,2021,170,Essence,Manuelle,5.0,occasion,38500
Suzuki,Swift,2022,136,Essence,Automatique,5.0,occasion,43500
Suzuki,Swift,2021,170,Essence,Manuelle,5.0,occasion,39000
Suzuki,Swift,2022,136,Essence,Automatique,5.0,occasion,38500
Suzuki,Swift,2021,117,Essence,Automatique,5.0,occasion,42000
Suzuki,Swift,2022,119,Essence,Manuelle,5.0,occasion,37500
Suzuki,Swift,2022,95,Essence,Manuelle,5.0,occasion,43800
Suzuki,Sx4,2009,200000,Essence,Manuelle,7.0,occasion,28000
Suzuki,Vitara,2017,93000,Essence,Automatique,6.0,occasion,64500
Toyota,Agya,2021,90,Essence,Manuelle,5.0,occasion,35500
Toyota,Agya,2023,33,Essence,Automatique,5.0,occasion,39800
Toyota,Agya,2022,32,Essence,Manuelle,4.0,occasion,34000
Toyota,Agya,2023,60,Essence,Automatique,5.0,occasion,43800
Toyota,Agya,2022,160,Essence,Manuelle,4.0,occasion,35000
Toyota,Agya,2022,93,Essence,Manuelle,4.0,occasion,33000
Toyota,Aygo,2018,154000,Essence,Manuelle,4.0,occasion,28500
Toyota,C Hr,2020,120,Hybride,Automatique,5.0,occasion,103000
Toyota,C Hr,2021,30,Hybride,Automatique,5.0,occasion,110000
Toyota,C Hr,2022,40,Essence,Automatique,6.0,occasion,93500
Toyota,C Hr,2022,55,Essence,Automatique,6.0,occasion,89500
Toyota,C Hr,2020,81,Essence,Automatique,6.0,occasion,69000
Toyota,C Hr,2020,44,Essence,Automatique,6.0,occasion,77000
Toyota,C Hr,2021,63,Essence,Automatique,6.0,occasion,90000
Toyota,C Hr,2022,55,Essence,Automatique,6.0,occasion,87000
Toyota,C Hr,2022,40,Essence,Automatique,6.0,occasion,89000
Toyota,C Hr,2021,30,Essence,Automatique,6.0,occasion,89000
Toyota,C Hr,2020,44,Essence,Automatique,6.0,occasion,65000
Toyota,Corolla 5P,2020,80,Essence,Manuelle,6.0,occasion,75000
Toyota,Corolla 5P,2020,84,Essence,Automatique,6.0,occasion,70000
Toyota,Corolla 5P,2019,8,Essence,Manuelle,6.0,occasion,26000
Toyota,Corolla 5P,2020,80,Essence,Automatique,6.0,occasion,61000
Toyota,Corolla 5P,2020,84,Essence,Automatique,6.0,occasion,76000
Toyota,Fj,2017,32000,Essence,Automatique,18.0,occasion,230000
Toyota,Gt86,2020,11000,Essence,Automatique,12.0,occasion,109000
Toyota,Hilux Simple Cabine,2023,50000,Diesel,Automatique,11.0,occasion,180000
Toyota,Hilux,2024,3,Diesel,Automatique,8.0,occasion,231000
Toyota,Hilux,2019,250,Diesel,Manuelle,8.0,occasion,149000
Toyota,Hilux,2019,114,Diesel,Manuelle,8.0,occasion,113000
Toyota,Hilux,2008,320,Diesel,Manuelle,11.0,occasion,33000
Toyota,Hilux,2024,3,Diesel,Automatique,8.0,occasion,290000
Toyota,Hilux,2019,114,Diesel,Manuelle,8.0,occasion,135000
Toyota,Hilux,2019,250,Diesel,Manuelle,8.0,occasion,151000
Toyota,Hilux,2016,36,Diesel,Manuelle,10.0,occasion,53000
Toyota,Hilux,2019,89,Diesel,Manuelle,8.0,occasion,155000
Toyota,Land Cruiser,1996,300,Diesel,Manuelle,17.0,occasion,67000
Toyota,Land Cruiser,2008,400,Diesel,Automatique,17.0,occasion,129000
Toyota,Land Cruiser,2007,216,Diesel,Automatique,12.0,occasion,135000
Toyota,Land Cruiser,1996,506,Diesel,Manuelle,17.0,occasion,65000
Toyota,Land Cruiser,2007,216,Diesel,Automatique,18.0,occasion,150000
Toyota,Prado,2014,230,Essence,Manuelle,11.0,occasion,190000
Toyota,Prado,1998,400,Diesel,Manuelle,11.0,occasion,79000
Toyota,Prado,2019,140,Diesel,Automatique,11.0,occasion,245000
Toyota,Prado,2005,300,Diesel,Manuelle,10.0,occasion,65000
Toyota,Prado,2014,75,Diesel,Manuelle,11.0,occasion,145000
Toyota,Prado,2019,215,Diesel,Automatique,11.0,occasion,240000
Toyota,Rav 4,2018,10,Essence,Automatique,9.0,occasion,89900
Toyota,Rav 4,2020,110,Hybride,Automatique,9.0,occasion,102000
Toyota,Rav 4,2023,27,Hybride,Automatique,9.0,occasion,147000
Toyota,Rav 4,2010,300,Essence,Automatique,10.0,occasion,35000
Toyota,Rav 4,2022,100,Hybride,Automatique,9.0,occasion,133000
Toyota,Rav 4,2022,71,Hybride,Automatique,9.0,occasion,30000
Toyota,Rav 4,2012,155,Diesel,Manuelle,8.0,occasion,65000
Toyota,Rav 4,2017,171,Diesel,Manuelle,7.0,occasion,135000
Toyota,Rav 4,2011,193,Diesel,Manuelle,8.0,occasion,36800
Toyota,Rav 4,2015,163,Essence,Automatique,9.0,occasion,65000
Toyota,Rav 4,2023,58,Hybride,Automatique,9.0,occasion,146000
Toyota,Rav 4,2023,58,Compacte,Automatique,9.0,occasion,139500
Toyota,Rav 4,2020,200,Essence,Automatique,9.0,occasion,125000
Toyota,Rav 4,2015,272,Essence,Automatique,9.0,occasion,66000
Toyota,Rav 4,2010,300,Diesel,Manuelle,8.0,occasion,29000
Toyota,Rav 4,2023,58,Hybride,Automatique,9.0,occasion,138000
Toyota,Yaris Cross,2025,10000,Hybride,Automatique,5.0,occasion,109000
Toyota,Yaris,2016,207,Essence,Manuelle,4.0,occasion,35000
Toyota,Yaris,2017,80,Essence,Manuelle,4.0,occasion,33000
Volkswagen,Amarok,2013,219,Diesel,Automatique,7.0,occasion,115000
Volkswagen,Amarok,2013,219,Diesel,Manuelle,8.0,occasion,58500
Volkswagen,Amarok,2017,140,Diesel,Automatique,7.0,occasion,125000
Volkswagen,Amarok,2013,218,Diesel,Manuelle,8.0,occasion,65000
Volkswagen,Amarok,2013,218,Diesel,Manuelle,8.0,occasion,56900
Volkswagen,Caddy,2020,97,Diesel,Manuelle,5.0,occasion,37000
Volkswagen,Caddy,2020,238,Diesel,Manuelle,5.0,occasion,60000
Volkswagen,Caddy,2020,100,Diesel,Manuelle,7.0,occasion,59000
Volkswagen,Caddy,2020,238,Diesel,Manuelle,5.0,occasion,45000
Volkswagen,Caddy,2020,100,Diesel,Manuelle,5.0,occasion,42000
Volkswagen,Crafter,2009,300000,Diesel,Manuelle,8.0,occasion,38500
Volkswagen,Golf 5,2007,192,Essence,Manuelle,5.0,occasion,29000
Volkswagen,Golf 5,2007,190,Essence,Manuelle,5.0,occasion,35000
Volkswagen,Golf 5,2007,192,Essence,Manuelle,5.0,occasion,35000
Volkswagen,Golf 6,2012,146,Diesel,Automatique,5.0,occasion,41000
Volkswagen,Golf 6,2012,146,Essence,Automatique,7.0,occasion,42000
Volkswagen,Golf 6,2012,146,Diesel,Manuelle,6.0,occasion,46000
Volkswagen,Golf 6,2010,182,Essence,Manuelle,7.0,occasion,41000
Volkswagen,Golf 6,2010,200,Essence,Manuelle,6.0,occasion,37000
Volkswagen,Golf 6,2010,268,Essence,Automatique,7.0,occasion,35500
Volkswagen,Golf 6,2012,206,Essence,Manuelle,5.0,occasion,46000
Volkswagen,Golf 6,2010,298,Essence,Manuelle,7.0,occasion,39900
Volkswagen,Golf 6,2010,298,Essence,Manuelle,9.0,occasion,35000
Volkswagen,Golf 6,2010,268,Essence,Manuelle,5.0,occasion,39900
Volkswagen,Golf 6,2010,200,Essence,Manuelle,5.0,occasion,39000
Volkswagen,Golf 7,2019,110,Essence,Manuelle,6.0,occasion,58500
Volkswagen,Golf 7,2017,277,Essence,Manuelle,5.0,occasion,68000
Volkswagen,Golf 7,2019,120,Essence,Automatique,6.0,occasion,61000
Volkswagen,Golf 7,2018,130,Essence,Automatique,6.0,occasion,65000
Volkswagen,Golf 7,2019,175,Essence,Automatique,6.0,occasion,63000
Volkswagen,Golf 7,2020,110,Essence,Automatique,6.0,occasion,69000
Volkswagen,Golf 7,2019,110,Essence,Automatique,7.0,occasion,69500
Volkswagen,Golf 7,2020,99,Essence,Automatique,6.0,occasion,71500
Volkswagen,Golf 7,2018,152,Essence,Automatique,6.0,occasion,63000
Volkswagen,Golf 7,2015,153,Essence,Manuelle,5.0,occasion,58000
Volkswagen,Golf 7,2019,169,Essence,Automatique,7.0,occasion,80000
Volkswagen,Golf 7,2013,230,Essence,Manuelle,5.0,occasion,57000
Volkswagen,Golf 7,2017,92,Essence,Manuelle,5.0,occasion,50000
Volkswagen,Golf 7,2020,107,Essence,Automatique,6.0,occasion,73000
Volkswagen,Golf 7,2018,134,Essence,Automatique,6.0,occasion,62000
Volkswagen,Golf 7,2016,160,Essence,Automatique,16.0,occasion,98000
Volkswagen,Golf 7,2018,118,Essence,Automatique,6.0,occasion,70000
Volkswagen,Golf 7,2019,62,Essence,Manuelle,6.0,occasion,69000
Volkswagen,Golf 7,2018,146,Essence,Manuelle,6.0,occasion,63000
Volkswagen,Golf 7,2016,160,Essence,Manuelle,5.0,occasion,60000
Volkswagen,Golf 7,2014,220,Essence,Manuelle,5.0,occasion,54000
Volkswagen,Golf 7,2020,99,Essence,Automatique,6.0,occasion,69000
Volkswagen,Golf 7,2014,196,Essence,Automatique,5.0,occasion,58000
Volkswagen,Golf 7,2017,53,Diesel,Automatique,6.0,occasion,73000
Volkswagen,Golf 7,2019,169,Essence,Automatique,6.0,occasion,62000
Volkswagen,Golf 7,2020,110,Essence,Automatique,7.0,occasion,62000
Volkswagen,Golf 7,2019,150,Essence,Automatique,6.0,occasion,61000
Volkswagen,Golf 7,2017,230,Essence,Automatique,6.0,occasion,51000
Volkswagen,Golf 7,2017,230,Essence,Manuelle,6.0,occasion,67000
Volkswagen,Golf 7,2019,130,Essence,Automatique,6.0,occasion,93000
Volkswagen,Golf 7,2014,196,Diesel,Manuelle,5.0,occasion,48000
Volkswagen,Golf 7,2018,155,Essence,Manuelle,6.0,occasion,69500
Volkswagen,Golf 7,2018,185,Essence,Automatique,6.0,occasion,56000
Volkswagen,Golf 7,2020,120,Essence,Manuelle,6.0,occasion,66000
Volkswagen,Golf 7,2017,139,Essence,Manuelle,6.0,occasion,64000
Volkswagen,Golf 7,2015,220,Essence,Manuelle,5.0,occasion,56000
Volkswagen,Golf 7,2019,130,Essence,Automatique,6.0,occasion,63000
Volkswagen,Golf 7,2013,230,Essence,Automatique,5.0,occasion,47000
Volkswagen,Golf 7,2019,130,Essence,Manuelle,6.0,occasion,69000
Volkswagen,Golf 7,2016,67,Essence,Manuelle,5.0,occasion,54000
Volkswagen,Golf 7,2019,62,Essence,Automatique,6.0,occasion,63000
Volkswagen,Golf 7,2015,220,Essence,Manuelle,6.0,occasion,43000
Volkswagen,Golf 7,2017,277,Essence,Manuelle,6.0,occasion,79000
Volkswagen,Golf 7,2018,128,Essence,Manuelle,6.0,occasion,62500
Volkswagen,Golf 7,2018,146,Diesel,Automatique,7.0,occasion,76000
Volkswagen,Golf 7,2013,108,Essence,Automatique,5.0,occasion,40000
Volkswagen,Golf 7,2019,127,Essence,Automatique,6.0,occasion,62500
Volkswagen,Golf 8,2021,92,Hybride,Automatique,6.0,occasion,83500
Volkswagen,Golf 8,2020,105,Essence,Automatique,7.0,occasion,128000
Volkswagen,Golf 8,2022,38,Essence,Manuelle,6.0,occasion,81000
Volkswagen,Golf 8,2021,76,Essence,Manuelle,6.0,occasion,97000
Volkswagen,Golf 8,2020,50,Essence,Manuelle,6.0,occasion,78000
Volkswagen,Golf 8,2021,137,Essence,Manuelle,5.0,occasion,78000
Volkswagen,Golf 8,2023,51,Essence,Automatique,8.0,occasion,138000
Volkswagen,Golf 8,2023,23,Essence,Automatique,8.0,occasion,107000
Volkswagen,Golf 8,2023,63,Essence,Automatique,8.0,occasion,120000
Volkswagen,Golf 8,2022,59,Essence,Automatique,19.0,occasion,230000
Volkswagen,Golf 8,2021,71,Essence,Manuelle,6.0,occasion,80000
Volkswagen,Golf 8,2023,63,Essence,Automatique,8.0,occasion,112000
Volkswagen,Golf 8,2022,65,Essence,Automatique,19.0,occasion,178000
Volkswagen,Golf 8,2024,2,Essence,Automatique,8.0,occasion,180000
Volkswagen,Golf 8,2020,65,Essence,Manuelle,8.0,occasion,90000
Volkswagen,Golf 8,2020,105,Hybride,Automatique,8.0,occasion,105000
Volkswagen,Golf 8,2024,15,Essence,Automatique,8.0,occasion,121000
Volkswagen,Golf 8,2023,42,Hybride,Automatique,8.0,occasion,138000
Volkswagen,Golf 8,2021,65,Essence,Manuelle,6.0,occasion,82000
Volkswagen,Golf 8,2022,46,Hybride,Automatique,6.0,occasion,88000
Volkswagen,Golf 8,2023,50,Essence,Manuelle,6.0,occasion,85000
Volkswagen,Golf 8,2021,110,Essence,Manuelle,7.0,occasion,91000
Volkswagen,Golf 8,2024,15,Hybride,Automatique,8.0,occasion,126000
Volkswagen,Golf 8,2021,136,Hybride,Automatique,8.0,occasion,112000
Volkswagen,Golf 8,2021,71,Essence,Manuelle,8.0,occasion,110000
Volkswagen,Golf 8,2021,79,Essence,Manuelle,5.0,occasion,69500
Volkswagen,Golf 8,2021,177,Essence,Automatique,6.0,occasion,76500
Volkswagen,Golf 8,2021,71,Essence,Manuelle,7.0,occasion,89500
Volkswagen,Golf 8,2021,177,Essence,Automatique,7.0,occasion,105000
Volkswagen,Golf 8,2021,61,Essence,Automatique,6.0,occasion,75000
Volkswagen,Golf 8,2021,60,Hybride,Automatique,8.0,occasion,121800
Volkswagen,Golf 8,2023,55,Essence,Automatique,8.0,occasion,97000
Volkswagen,Golf Plus,2018,72000,Essence,Manuelle,6.0,occasion,79000
Volkswagen,Jetta,2013,200,Essence,Manuelle,9.0,occasion,38000
Volkswagen,Jetta,2013,175,Essence,Automatique,7.0,occasion,37500
Volkswagen,Jetta,2013,200,Essence,Automatique,8.0,occasion,76000
Volkswagen,Jetta,2010,300,Essence,Manuelle,7.0,occasion,34500
Volkswagen,Jetta,2010,300,Essence,Manuelle,7.0,occasion,32000
Volkswagen,Jetta,2011,219,Essence,Manuelle,7.0,occasion,30000
Volkswagen,Passat Cc,2011,384,Essence,Automatique,10.0,occasion,49500
Volkswagen,Passat Cc,2014,191,Diesel,Automatique,8.0,occasion,48000
Volkswagen,Passat,2019,157,Essence,Automatique,8.0,occasion,106000
Volkswagen,Passat,2020,118,Essence,Automatique,8.0,occasion,89000
Volkswagen,Passat,2016,283,Essence,Manuelle,6.0,occasion,63000
Volkswagen,Passat,2019,280,Essence,Automatique,7.0,occasion,100000
Volkswagen,Passat,2009,180,Diesel,Manuelle,5.0,occasion,43500
Volkswagen,Passat,2015,231,Essence,Manuelle,7.0,occasion,50000
Volkswagen,Passat,2019,60,Diesel,Automatique,6.0,occasion,99000
Volkswagen,Passat,2021,190,Essence,Automatique,8.0,occasion,99000
Volkswagen,Passat,2009,180,Essence,Manuelle,7.0,occasion,28500
Volkswagen,Passat,2021,88,Essence,Automatique,8.0,occasion,136000
Volkswagen,Passat,2020,118,Hybride,Automatique,8.0,occasion,110000
Volkswagen,Passat,2009,336,Essence,Manuelle,7.0,occasion,40000
Volkswagen,Passat,2016,200,Essence,Manuelle,7.0,occasion,47000
Volkswagen,Passat,2021,112,Hybride,Automatique,8.0,occasion,102000
Volkswagen,Passat,2021,88,Hybride,Automatique,8.0,occasion,98000
Volkswagen,Passat,2016,200,Essence,Manuelle,7.0,occasion,49500
Volkswagen,Passat,2019,120,Essence,Automatique,8.0,occasion,72000
Volkswagen,Passat,2013,239,Diesel,Automatique,6.0,occasion,48000
Volkswagen,Passat,2013,320,Diesel,Manuelle,5.0,occasion,48500
Volkswagen,Polo Sedan,2022,143,Essence,Manuelle,5.0,occasion,51000
Volkswagen,Polo Sedan,2022,81,Essence,Manuelle,5.0,occasion,51000
Volkswagen,Polo Sedan,2022,143,Essence,Manuelle,5.0,occasion,43000
Volkswagen,Polo Sedan,2022,136,Essence,Manuelle,5.0,occasion,43000
Volkswagen,Polo Sedan,2022,83,Essence,Manuelle,5.0,occasion,56000
Volkswagen,Polo Sedan,2022,80,Essence,Manuelle,5.0,occasion,51000
Volkswagen,Polo Sedan,2022,80,Essence,Manuelle,5.0,occasion,49500
Volkswagen,Polo Sedan,2022,143,Essence,Manuelle,5.0,occasion,38000
Volkswagen,Polo,2020,56,Essence,Manuelle,4.0,occasion,65500
Volkswagen,Polo,2022,117,Essence,Manuelle,6.0,occasion,63000
Volkswagen,Polo,2019,197,Essence,Manuelle,4.0,occasion,43000
Volkswagen,Polo,2020,70,Essence,Manuelle,4.0,occasion,59000
Volkswagen,Polo,2022,142,Essence,Manuelle,4.0,occasion,48000
Volkswagen,Polo,2022,157,Essence,Manuelle,4.0,occasion,68000
Volkswagen,Polo,2021,83,Essence,Manuelle,4.0,occasion,42000
Volkswagen,Polo,2021,110,Essence,Manuelle,4.0,occasion,45000
Volkswagen,Polo,2008,240,Essence,Manuelle,4.0,occasion,19500
Volkswagen,Polo,2022,95,Essence,Manuelle,4.0,occasion,48500
Volkswagen,Polo,2022,90,Essence,Manuelle,4.0,occasion,46000
Volkswagen,Polo,2022,110,Essence,Manuelle,5.0,occasion,86000
Volkswagen,Polo,2019,197,Essence,Manuelle,4.0,occasion,36000
Volkswagen,Polo,2021,88,Essence,Manuelle,4.0,occasion,45000
Volkswagen,Polo,2022,157,Essence,Manuelle,4.0,occasion,45000
Volkswagen,Polo,2022,95,Essence,Manuelle,4.0,occasion,45000
Volkswagen,Polo,2022,80,Essence,Manuelle,4.0,occasion,45000
Volkswagen,Polo,2022,142,Essence,Manuelle,4.0,occasion,45000
Volkswagen,Polo,2012,218,Essence,Manuelle,5.0,occasion,33900
Volkswagen,Polo,2022,121,Essence,Manuelle,4.0,occasion,45000
Volkswagen,Polo,2022,114,Essence,Manuelle,4.0,occasion,45000
Volkswagen,Polo,2021,110,Essence,Manuelle,4.0,occasion,61500
Volkswagen,Polo,2020,96,Essence,Manuelle,4.0,occasion,60000
Volkswagen,Polo,2022,157,Essence,Manuelle,4.0,occasion,58000
Volkswagen,Polo,2019,93,Essence,Manuelle,4.0,occasion,39900
Volkswagen,Polo,2012,218,Essence,Manuelle,4.0,occasion,33800
Volkswagen,Polo,2022,87,Essence,Manuelle,4.0,occasion,43000
Volkswagen,Polo,2020,95,Essence,Manuelle,4.0,occasion,59000
Volkswagen,Polo,2011,268,Essence,Manuelle,5.0,occasion,32000
Volkswagen,Polo,2011,268,Essence,Automatique,5.0,occasion,22000
Volkswagen,Polo,2019,93,Essence,Manuelle,4.0,occasion,42000
Volkswagen,Polo,2021,86,Essence,Manuelle,4.0,occasion,48000
Volkswagen,Scirocco,2011,174000,Essence,Automatique,8.0,occasion,35000
Volkswagen,T Cross,2023,43,Essence,Manuelle,5.0,occasion,84000
Volkswagen,T Cross,2022,39,Essence,Manuelle,6.0,occasion,69500
Volkswagen,T Cross,2022,39,Essence,Automatique,7.0,occasion,88000
Volkswagen,T Roc,2021,79,Essence,Manuelle,6.0,occasion,79000
Volkswagen,T Roc,2021,50,Essence,Manuelle,6.0,occasion,81000
Volkswagen,T Roc,2021,21,Essence,Manuelle,6.0,occasion,102000
Volkswagen,T Roc,2022,99,Essence,Manuelle,6.0,occasion,83500
Volkswagen,T Roc,2020,85,Essence,Manuelle,6.0,occasion,69000
Volkswagen,T Roc,2023,95,Essence,Manuelle,6.0,occasion,96500
Volkswagen,T Roc,2020,85,Essence,Manuelle,6.0,occasion,83000
Volkswagen,Taigo,2025,1,Essence,Manuelle,5.0,occasion,69500
Volkswagen,Taigo,2022,95,Essence,Automatique,7.0,occasion,119000
Volkswagen,Tiguan,2018,120,Essence,Automatique,7.0,occasion,90000
Volkswagen,Tiguan,2018,124,Essence,Automatique,8.0,occasion,117000
Volkswagen,Tiguan,2018,124,Diesel,Manuelle,8.0,occasion,120000
Volkswagen,Tiguan,2018,104,Diesel,Manuelle,8.0,occasion,108000
Volkswagen,Tiguan,2018,104,Diesel,Manuelle,6.0,occasion,94000
Volkswagen,Tiguan,2023,90,Essence,Automatique,8.0,occasion,155000
Volkswagen,Tiguan,2021,107,Hybride,Automatique,8.0,occasion,157000
Volkswagen,Tiguan,2014,299,Diesel,Automatique,9.0,occasion,64000
Volkswagen,Tiguan,2015,71,Essence,Automatique,9.0,occasion,67000
Volkswagen,Tiguan,2017,169,Essence,Automatique,8.0,occasion,71000
Volkswagen,Tiguan,2020,138,Essence,Automatique,8.0,occasion,88000
Volkswagen,Tiguan,2018,123,Essence,Automatique,12.0,occasion,89000
Volkswagen,Tiguan,2014,215,Essence,Automatique,11.0,occasion,59800
Volkswagen,Tiguan,2024,42,Hybride,Automatique,8.0,occasion,200000
Volkswagen,Tiguan,2020,84,Essence,Automatique,8.0,occasion,98000
Volkswagen,Tiguan,2015,150,Essence,Automatique,9.0,occasion,72000
Volkswagen,Tiguan,2014,128,Essence,Automatique,12.0,occasion,59000
Volkswagen,Tiguan,2021,77,Essence,Automatique,8.0,occasion,90000
Volkswagen,Tiguan,2010,184,Essence,Manuelle,11.0,occasion,42000
Volkswagen,Tiguan,2010,158,Essence,Manuelle,12.0,occasion,38000
Volkswagen,Tiguan,2018,60,Essence,Automatique,8.0,occasion,99000
Volkswagen,Tiguan,2014,215,Diesel,Manuelle,8.0,occasion,66000
Volkswagen,Tiguan,2022,50,Essence,Automatique,8.0,occasion,134000
Volkswagen,Tiguan,2024,22,Essence,Automatique,8.0,occasion,168000
Volkswagen,Tiguan,2016,180,Diesel,Automatique,8.0,occasion,100000
Volkswagen,Tiguan,2021,130,Hybride,Automatique,8.0,occasion,155000
Volkswagen,Tiguan,2024,42,Essence,Automatique,8.0,occasion,153000
Volkswagen,Tiguan,2021,19,Hybride,Automatique,8.0,occasion,148000
Volkswagen,Touareg,2009,255,Diesel,Automatique,16.0,occasion,145000
Volkswagen,Touareg,2015,108,Diesel,Automatique,17.0,occasion,38000
Volkswagen,Transporter,2019,495,Diesel,Manuelle,7.0,occasion,67000
Volkswagen,Transporter,2019,139,Diesel,Manuelle,7.0,occasion,39000
Volkswagen,Transporter,2019,495,Diesel,Manuelle,7.0,occasion,54000
Volkswagen,Virtus,2023,20,Essence,Automatique,7.0,occasion,74000
Volkswagen,Virtus,2023,10,Essence,Manuelle,6.0,occasion,62000
Volvo,Ex30,2024,10700,Electrique,Automatique,5.0,occasion,107000
Volvo,S80,2012,353215,Diesel,Automatique,9.0,occasion,37500
Volvo,Xc40,2024,4000,Hybride,Automatique,9.0,occasion,179720
Volvo,Xc60,2022,19000,Hybride,Automatique,20.0,occasion,286000
Wallyscar,719,2023,67000,Essence,Manuelle,7.0,occasion,36500
Wallyscar,Iris,2021,40,Essence,Manuelle,4.0,occasion,35000
Wallyscar,Iris,2020,80,Essence,Manuelle,4.0,occasion,35000
Renault,Symbol,2014,151000,Essence,Manuelle,5.0,Occasion,27000
Renault,Clio,2018,58857,Diesel,Manuelle,5.0,Occasion,14900
Isuzu,D MAX,2025,58857,Diesel,Manuelle,10.0,Occasion,71852
Kia,SPORTAGE,2014,242,Diesel,Manuelle,7.0,Occasion,53000
Volkswagen,Polo,2006,262200,Essence,Manuelle,5.0,Occasion,21500
Hyundai,I20,2013,185,Essence,Manuelle,5.0,Occasion,29500
Ford,FIESTA,2017,200,Essence,Manuelle,5.0,Occasion,32000
Geely,GK-GL,2021,73000,Essence,Automatique,6.0,Occasion,50000
Kia,PICANTO,2019,76000,Essence,Manuelle,4.0,Occasion,35000
Hyundai,I20,2021,116000,Essence,Manuelle,5.0,Occasion,47500
Toyota,RAV4,2021,60000,Hybride,Automatique,9.0,Occasion,125000
Renault,Twingo,2011,58857,Essence,Manuelle,4.0,Occasion,25000
Renault,Clio,2012,225000,Essence,Manuelle,5.0,Occasion,14000
Fiat,DOBLO,2015,398000,Diesel,Manuelle,5.0,Occasion,18500
Volkswagen,Touareg,2010,253000,Diesel,Automatique,5.0,Occasion,49000
Hyundai,TUCSON,2022,171000,Hybride,Automatique,10.0,Occasion,110000
Dacia,LOGAN,2011,300000,Diesel,Manuelle,4.0,Occasion,12000
Citroen,C5 II,2008,400000,Diesel,Manuelle,6.0,Occasion,22000
Seat,Ibiza,2017,132000,Essence,Manuelle,4.0,Occasion,36000
Opel,Corsa,2011,180000,Essence,Manuelle,5.0,Occasion,16000
Seat,Ibiza,2017,125000,Essence,Manuelle,6.0,Occasion,48000
Mitsubishi,Lancer,2010,216000,Essence,Automatique,9.0,Occasion,25000
Citroen,C4,2017,24000,Diesel,Manuelle,5.0,Occasion,45500
Wallyscar,619,2023,62000,Essence,Manuelle,5.0,Occasion,29000
Citroen,C4,2012,180000,Essence,Manuelle,6.0,Occasion,28000
Seat,Ibiza,2020,96000,Essence,Manuelle,4.0,Occasion,55000
Renault,Clio,2022,103000,Essence,Manuelle,5.0,Occasion,39500
Isuzu,D MAX,2007,378000,Diesel,Manuelle,8.0,Occasion,53000
Suzuki,Swift,2022,61000,Essence,Manuelle,6.0,Occasion,41000
Renault,Clio,2022,58857,Essence,Manuelle,5.0,Occasion,39900
Fiat,PUNTO,2021,200000,GPL,Manuelle,4.0,Occasion,11500
Fiat,PUNTO,2016,150000,GPL,Manuelle,4.0,Occasion,13500
Kia,PICANTO,2022,33000,Essence,Automatique,4.0,Occasion,50000
Volkswagen,Amarok,2013,415000,Diesel,Manuelle,7.0,Occasion,48000
Fiat,PUNTO,2017,174,Essence,Manuelle,4.0,Occasion,26300
Hyundai,IX35,2013,252000,Diesel,Manuelle,7.0,Occasion,43000
Fiat,500 C,2021,100,Hybride,Manuelle,4.0,Occasion,51000
Toyota,Hilux,2017,175000,Diesel,Manuelle,8.0,Occasion,130000
Peugeot,206,2010,195000,Essence,Manuelle,4.0,Occasion,24500
Volkswagen,Golf,2015,164000,Essence,Manuelle,5.0,Occasion,55000
Chery,Tiggo 3x,2022,12600,Essence,Automatique,6.0,Occasion,58000
Kia,RIO,2022,93000,Essence,Manuelle,5.0,Occasion,52000
Dacia,DOKKER,2014,250000,Diesel,Manuelle,6.0,Occasion,22500
Citroen,JUMPY,2021,150000,Diesel,Manuelle,5.0,Occasion,53000
Mercedes,Classe A,2017,79214,Diesel,Automatique,7.0,Occasion,89000
Nissan,X-trail,2017,122300,Diesel,Manuelle,7.0,Occasion,65000
Volkswagen,Golf,1989,58857,Diesel,Manuelle,4.0,Occasion,14000
Audi,A3,2015,156000,Essence,Manuelle,5.0,Occasion,52000
Chevrolet,SPARK,2016,124000,Essence,Manuelle,5.0,Occasion,26500
Suzuki,S-Presso,2023,46000,Essence,Manuelle,5.0,Occasion,32500
Peugeot,Autres,2015,320000,Essence,Manuelle,5.0,Occasion,18000
Renault,Clio,2017,196000,Essence,Manuelle,6.0,Occasion,33900
Toyota,Yaris,2011,48600,Essence,Manuelle,5.0,Occasion,51000
Fiat,PANDA,2005,341000,Essence,Manuelle,5.0,Occasion,18500
Volkswagen,Golf 7,2014,196000,Essence,Manuelle,5.0,Occasion,43500
Ford,FIESTA,2009,200000,Essence,Manuelle,5.0,Occasion,270000
Isuzu,PICKUP,1996,570000,Diesel,Manuelle,4.0,Occasion,45000
Renault,Megane,2020,110000,Essence,Manuelle,7.0,Occasion,49500
Peugeot,5008,2012,190000,Diesel,Manuelle,6.0,Occasion,30700
Kia,RIO,2015,255000,Essence,Manuelle,5.0,Occasion,35000
Renault,Symbol,2012,330000,Essence,Manuelle,5.0,Occasion,25500
Mercedes,200,2008,257000,Diesel,Manuelle,8.0,Occasion,43500
Renault,Symbol,2010,236000,Essence,Manuelle,5.0,Occasion,25800
Volkswagen,Tiguan,2015,190000,Essence,Automatique,9.0,Occasion,65000
Chery,Tiggo 3x,2022,105000,Essence,Automatique,6.0,Occasion,45500
Geely,GK-GL,2020,140,Essence,Manuelle,6.0,Occasion,32000
Renault,Clio,2018,125000,Diesel,Automatique,4.0,Occasion,42000
Opel,Agila,2015,160000,Diesel,Manuelle,4.0,Occasion,30000
Citroen,BERLINGO,2019,160000,Diesel,Manuelle,6.0,Occasion,47000
Hyundai,ELANTRA,2017,58857,Essence,Manuelle,7.0,Occasion,39000
Bmw,520,2003,300,Essence,Automatique,11.0,Occasion,22500
Kia,RIO,2021,100000,Essence,Manuelle,5.0,Occasion,52000
Volkswagen,Jetta,2011,18000,Essence,Manuelle,7.0,Occasion,38000
Renault,Clio,2020,91000,Essence,Manuelle,5.0,Occasion,40000
Suzuki,Swift,2019,151000,Essence,Manuelle,5.0,Occasion,36000
Volkswagen,Golf 6,2012,209000,Essence,Manuelle,5.0,Occasion,45000
Hyundai,I10,2022,134,Essence,Manuelle,4.0,Occasion,28000
Suzuki,S-Presso,2021,78000,Essence,Manuelle,4.0,Occasion,31500
Kia,PICANTO,2018,117000,Essence,Manuelle,4.0,Occasion,37800
Mazda,MAZDA6,2015,190000,Essence,Automatique,9.0,Occasion,41000
Peugeot,2008,2017,32500,Essence,Manuelle,5.0,Occasion,45000
Peugeot,107,2011,270,Essence,Manuelle,4.0,Occasion,23000
Renault,Autres,2016,141000,Essence,Manuelle,4.0,Occasion,35000
Volkswagen,Caddy,2013,200000,Essence,Manuelle,7.0,Occasion,32000
Volkswagen,Tiguan,2020,99000,Essence,Manuelle,6.0,Occasion,95000
Chery,A3,2017,181000,Essence,Manuelle,5.0,Occasion,28000
Renault,Clio,2023,65241,Essence,Manuelle,5.0,Occasion,42000
Citroen,C3,2007,58857,Essence,Manuelle,4.0,Occasion,19800
Renault,Kangoo,2001,345000,Diesel,Manuelle,7.0,Occasion,9000
Hyundai,I20,2017,266,Essence,Manuelle,5.0,Occasion,34000
Audi,80,1992,200,Essence,Manuelle,7.0,Occasion,13000
Volkswagen,Passat,2007,220000,Essence,Automatique,12.0,Occasion,20000
Citroen,C5,2011,290000,Diesel,Manuelle,6.0,Occasion,30000
Mercedes,Classe C,2018,186000,Diesel,Automatique,6.0,Occasion,122000
Citroen,JUMPY,2020,120000,Diesel,Manuelle,6.0,Occasion,57000
Volkswagen,Caddy,2002,250000,Diesel,Manuelle,8.0,Occasion,14000
Citroen,JUMPY,2010,314000,Diesel,Manuelle,7.0,Occasion,24000
Skoda,Fabia,2022,100000,Essence,Manuelle,5.0,Occasion,39500
Volkswagen,Passat,2010,200000,Essence,Manuelle,6.0,Occasion,35000
Peugeot,206,2008,58857,Essence,Manuelle,6.0,Occasion,15000
Citroen,C3,2018,94000,Essence,Manuelle,4.0,Occasion,36000
Ford,KA,2015,221000,Essence,Manuelle,4.0,Occasion,26500
Peugeot,3008,2018,179000,Diesel,Automatique,6.0,Occasion,75000
Kia,SPORTAGE,2009,58857,Diesel,Automatique,4.0,Occasion,1009317
MG,MG RX8,2022,130000,Essence,Automatique,9.0,Occasion,80000
Toyota,RAV4,2023,58800,Hybride,Automatique,9.0,Occasion,138000
Mercedes,Classe C,2010,140000,Diesel,Manuelle,8.0,Occasion,27000
Citroen,C1,2018,90000,Essence,Manuelle,4.0,Occasion,30000
MG,MG RX8,2019,170000,Essence,Automatique,7.0,Occasion,48000
MG,MG RX8,2018,117000,Essence,Automatique,9.0,Occasion,52000
Renault,Clio,2010,250,Essence,Manuelle,4.0,Occasion,29000
Ford,FOCUS,2004,17500,Essence,Manuelle,6.0,Occasion,17500
Mercedes,Classe A,2016,120000,Essence,Automatique,6.0,Occasion,58000
Toyota,Yaris,2024,20,Hybride,Automatique,5.0,Occasion,102000
Renault,Megane,2009,203000,Diesel,Manuelle,5.0,Occasion,26000
Ford,FIESTA,2014,220000,Essence,Manuelle,5.0,Occasion,27000
Peugeot,208,2015,113000,Essence,Manuelle,5.0,Occasion,30000
Renault,Clio,2019,189000,Essence,Manuelle,5.0,Occasion,41500
Fiat,GRANDE PUNTO,2009,310000,Essence,Manuelle,5.0,Occasion,23000
Audi,A4,2003,127000,Essence,Manuelle,7.0,Occasion,23000
Land rover,EVOQUE,2013,165000,Essence,Automatique,11.0,Occasion,85000
Ford,ECOSPORT,2020,233000,Essence,Automatique,6.0,Occasion,38000
Hyundai,I10,2023,92,Essence,Manuelle,5.0,Occasion,35500
Kia,RIO,2017,153000,Essence,Manuelle,5.0,Occasion,38000
Kia,RIO,2017,220000,Essence,Manuelle,5.0,Occasion,39500
Chery,Tiggo,2022,79000,Essence,Automatique,9.0,Occasion,72000
Fiat,DOBLO,2016,500000,Diesel,Manuelle,5.0,Occasion,24000
Fiat,AUTRE,2015,270,Essence,Manuelle,5.0,Occasion,19000
Chevrolet,AVEO,2008,159000,Essence,Manuelle,5.0,Occasion,22000
Volkswagen,Polo,2018,144000,Essence,Manuelle,4.0,Occasion,43000
Volkswagen,Passat,2008,128000,Essence,Manuelle,7.0,Occasion,43000
Peugeot,Expert,2001,99999,Diesel,Manuelle,7.0,Occasion,13000
Kia,PICANTO,2020,98000,Essence,Manuelle,4.0,Occasion,34500
Peugeot,Autres,2019,146000,Diesel,Manuelle,5.0,Occasion,24800
Hyundai,I20,2015,230000,Essence,Manuelle,4.0,Occasion,29500
Mercedes,Classe C,2015,245000,Essence,Automatique,9.0,Occasion,89000
Renault,Clio,2020,90000,Essence,Manuelle,5.0,Occasion,39500
Volkswagen,Polo,2008,58857,Essence,Manuelle,5.0,Occasion,22000
Chevrolet,AVEO,2022,88000,Essence,Automatique,6.0,Occasion,40000
Volkswagen,Golf 7,2015,1000,Essence,Manuelle,6.0,Occasion,43000
Mazda,BT 50,2008,352000,Diesel,Manuelle,10.0,Occasion,37000
Renault,Clio,2023,59000,Essence,Manuelle,5.0,Occasion,10000
MG,MG RX8,2020,117000,Essence,Automatique,7.0,Occasion,58000
Renault,Clio,2013,160500,Essence,Manuelle,5.0,Occasion,35000
Dacia,SANDERO,2021,58857,Essence,Manuelle,5.0,Occasion,34500
Fiat,PUNTO,2003,58857,Essence,Manuelle,5.0,Occasion,10500
Audi,Q5,2014,32000,Diesel,Manuelle,8.0,Occasion,119000
Citroen,C3,2010,18000,Essence,Manuelle,5.0,Occasion,18000
Peugeot,206,1998,280,Essence,Manuelle,4.0,Occasion,11000
Porsche,Macan,2020,80000,Essence,Automatique,15.0,Occasion,260000
Bmw,SERIE 1 II,2012,168000,Essence,Manuelle,7.0,Occasion,43000
Kia,RIO,2022,81000,Essence,Manuelle,5.0,Occasion,49500
Fiat,AUTRE,2000,270,Essence,Manuelle,5.0,Occasion,19000
Volkswagen,Golf 6,2014,147000,Essence,Manuelle,6.0,Occasion,38000
Ford,FIESTA,2014,122000,Essence,Manuelle,5.0,Occasion,25500
Bmw,SERIE 1 II,2021,68000,Diesel,Manuelle,6.0,Occasion,98000
Ford,FIESTA,2015,85,Essence,Manuelle,5.0,Occasion,35000
Renault,Clio,2021,128,Essence,Manuelle,5.0,Occasion,39000
Kia,CERATO,2007,282,Diesel,Manuelle,6.0,Occasion,26000
Volkswagen,Tiguan,2014,185800,Diesel,Automatique,8.0,Occasion,70000
Hyundai,I10,2022,13733,Essence,Manuelle,4.0,Occasion,39000
Volkswagen,Polo,1997,444,Essence,Manuelle,4.0,Occasion,13500
Opel,Astra,2019,132314,Diesel,Manuelle,7.0,Occasion,44500
Peugeot,Boxer,2007,14500,Diesel,Manuelle,7.0,Occasion,14500
Volkswagen,Golf 8,2022,136000,Hybride,Automatique,8.0,Occasion,103000
Ford,FIESTA,2014,121000,Essence,Manuelle,5.0,Occasion,25500
Fiat,500,2012,1,Essence,Manuelle,4.0,Occasion,10000
Isuzu,D MAX,2016,137000,Diesel,Automatique,8.0,Occasion,100000
Fiat,TIPO,2000,300000,Essence,Manuelle,4.0,Occasion,9800
MG,MG RX8,2021,92,Essence,Manuelle,7.0,Occasion,59000
Citroen,C3,2006,190000,Essence,Manuelle,4.0,Occasion,20000
Opel,Mokka,2013,156000,Essence,Manuelle,7.0,Occasion,41000
Fiat,PALIO WEEKEND,2000,198000,Essence,Manuelle,5.0,Occasion,11000
Fiat,GRANDE PUNTO,2010,291,Essence,Manuelle,5.0,Occasion,24000
Fiat,PUNTO,2003,290000,Essence,Manuelle,5.0,Occasion,12000
Hyundai,I20,2020,138000,Essence,Manuelle,5.0,Occasion,42000
Hyundai,I20,2020,88000,Essence,Manuelle,5.0,Occasion,53000
Renault,Clio,2002,330000,Diesel,Manuelle,4.0,Occasion,11500
Renault,Clio,1997,393,Essence,Manuelle,5.0,Occasion,11200
Citroen,AUTRE,2018,174000,Essence,Manuelle,5.0,Occasion,25000
Mahindra,KUV 100,2019,110000,Essence,Manuelle,5.0,Occasion,23500
Fiat,GRANDE PUNTO,2010,291000,Essence,Manuelle,5.0,Occasion,24000
Volkswagen,Polo,2009,227000,Essence,Manuelle,4.0,Occasion,24300
Peugeot,208,2016,150000,Essence,Automatique,5.0,Occasion,25000
Kia,PICANTO,2018,126000,Essence,Manuelle,4.0,Occasion,35000
Renault,Clio,2021,110000,Essence,Manuelle,5.0,Occasion,36500
Renault,Clio,2017,145000,Essence,Manuelle,5.0,Occasion,32000
Volkswagen,Polo,1998,400000,Essence,Manuelle,5.0,Occasion,8500
Volkswagen,Golf,1990,228532,Diesel,Manuelle,4.0,Occasion,10300
Peugeot,308,2011,317000,Essence,Manuelle,6.0,Occasion,23800
Chevrolet,SPARK,2011,280,Essence,Manuelle,5.0,Occasion,23000
Citroen,C3,2010,179000,Essence,Manuelle,5.0,Occasion,27800
Ford,FIESTA,2012,218000,Essence,Manuelle,5.0,Occasion,25000
Citroen,BERLINGO,2002,300,Diesel,Manuelle,8.0,Occasion,12500
Peugeot,206,2006,258000,Essence,Manuelle,5.0,Occasion,19700
Renault,Autres,2010,58857,Essence,Manuelle,5.0,Occasion,22000
Volkswagen,Golf,2017,97000,Essence,Automatique,6.0,Occasion,64000
Peugeot,206,2011,217000,Essence,Manuelle,6.0,Occasion,19500
Fiat,GRANDE PUNTO,2008,212000,Essence,Manuelle,5.0,Occasion,50000
Jeep,PATRIOT,2009,280000,Diesel,Manuelle,9.0,Occasion,54000
Hyundai,I10,2019,98700,Essence,Manuelle,5.0,Occasion,36000
Peugeot,307,2003,430000,Diesel,Manuelle,8.0,Occasion,18000
Chery,Tiggo,2020,71000,Essence,Manuelle,6.0,Occasion,43000
Volkswagen,Golf,2000,281000,Essence,Manuelle,6.0,Occasion,13000
Kia,PICANTO,2024,4400,Essence,Manuelle,5.0,Occasion,56000
Mahindra,KUV 100,2020,49900,Essence,Manuelle,5.0,Occasion,29000
Mazda,MAZDA2,2014,176000,Essence,Manuelle,5.0,Occasion,26000
Ford,FIESTA,2015,112000,Essence,Manuelle,5.0,Occasion,34000
Isuzu,D MAX,2019,108,Diesel,Manuelle,8.0,Occasion,60000
Renault,Clio,2014,200000,Diesel,Manuelle,5.0,Occasion,35900
Mahindra,KUV 100,2020,34000,Essence,Manuelle,5.0,Occasion,30000
Peugeot,206,2003,160,Essence,Manuelle,5.0,Occasion,19000
Toyota,Hiace,2013,277000,Diesel,Manuelle,8.0,Occasion,23400
Ssangyong,Tivoli,2021,82000,Essence,Manuelle,6.0,Occasion,63000
Fiat,AUTRE,2007,210,Essence,Manuelle,5.0,Occasion,16500
Volkswagen,Golf 7,2022,9000,Essence,Manuelle,8.0,Occasion,80000
Renault,Clio,2019,131000,Essence,Manuelle,5.0,Occasion,38000
Volkswagen,Amarok,2011,230000,Diesel,Manuelle,7.0,Occasion,57000
Fiat,FIORINO,2022,59000,Diesel,Manuelle,5.0,Occasion,39000
Haval,H6,2019,90000,Essence,Automatique,9.0,Occasion,76500
Renault,Clio,2020,69900,Essence,Manuelle,4.0,Occasion,51200
Renault,Clio,2021,93000,Essence,Manuelle,5.0,Occasion,10000
Ssangyong,Tivoli,2021,65000,Essence,Manuelle,6.0,Occasion,62000
Renault,Clio,2018,81000,Essence,Manuelle,4.0,Occasion,40500
Renault,Fluence,2012,270,Essence,Manuelle,7.0,Occasion,28500
Kia,RIO,2022,40000,Essence,Manuelle,5.0,Occasion,65000
Dacia,LOGAN M,2012,280000,Diesel,Manuelle,4.0,Occasion,28000
Toyota,Aygo,2021,100,Essence,Manuelle,4.0,Occasion,365000
Skoda,Fabia,2015,273,Essence,Manuelle,4.0,Occasion,30500
Hyundai,I10,2016,145000,Essence,Manuelle,4.0,Occasion,35000
Citroen,C3 II,2013,146000,Essence,Manuelle,5.0,Occasion,27500
Renault,Clio,2010,168000,Essence,Manuelle,5.0,Occasion,21000
Chevrolet,AVEO,2009,383000,Essence,Manuelle,6.0,Occasion,19500
Volkswagen,Polo,2012,230000,Essence,Manuelle,5.0,Occasion,30000
Seat,Arona,2020,81,Essence,Manuelle,6.0,Occasion,60000
Hyundai,AUTRE,2021,88000,Essence,Automatique,8.0,Occasion,78000
Fiat,PALIO WEEKEND,2001,258000,Essence,Manuelle,4.0,Occasion,16000
Nissan,Micra,2014,155000,Essence,Manuelle,5.0,Occasion,36500
Citroen,NEMO,2017,175000,Diesel,Manuelle,5.0,Occasion,24000
Ford,FOCUS,2018,179000,Essence,Automatique,7.0,Occasion,46000
Renault,Kadjar,2017,190000,Essence,Manuelle,7.0,Occasion,57000
Renault,Clio,2020,124000,Diesel,Manuelle,4.0,Occasion,46000
Fiat,PALIO WEEKEND,2005,216000,Essence,Manuelle,5.0,Occasion,10500
Audi,A3,2000,245000,Essence,Manuelle,7.0,Occasion,23000
Ford,FIESTA,2014,220000,Essence,Manuelle,5.0,Occasion,29000
Renault,Clio,2010,197,Essence,Manuelle,4.0,Occasion,26500
Opel,Astra,2002,11,Essence,Manuelle,5.0,Occasion,19500
Citroen,C1,2014,65,Essence,Manuelle,4.0,Occasion,27000
Audi,Q7,2006,232000,Diesel,Automatique,16.0,Occasion,58000
Kia,SPORTAGE,2019,72500,Diesel,Automatique,8.0,Occasion,95000
Volkswagen,Touareg,2013,273000,Diesel,Automatique,12.0,Occasion,123000
Mercedes,Classe C,2007,250000,Essence,Automatique,9.0,Occasion,35000
Ssangyong,Tivoli,2019,139,Essence,Manuelle,7.0,Occasion,54000
Volkswagen,Polo,2012,153000,Essence,Manuelle,4.0,Occasion,32000
Seat,Leon,2018,141000,Diesel,Manuelle,6.0,Occasion,75000
Chery,Tiggo,2020,127000,Essence,Manuelle,6.0,Occasion,42500
Suzuki,Celerio,2020,75000,Essence,Manuelle,4.0,Occasion,31000
Chery,A3,2022,86000,Essence,Manuelle,6.0,Occasion,42000
Ford,FIESTA,2011,30500,Diesel,Manuelle,4.0,Occasion,35000
Peugeot,407,2008,280,Diesel,Manuelle,6.0,Occasion,27000
MG,MG RX8,2021,50,Essence,Manuelle,7.0,Occasion,66500
Peugeot,208,2018,180000,Essence,Manuelle,5.0,Occasion,25000
Citroen,BERLINGO,2021,120000,Diesel,Manuelle,6.0,Occasion,34000
Toyota,Land Cruiser,2021,170000,Diesel,Automatique,11.0,Occasion,145000
Peugeot,Partner,2024,370,Diesel,Manuelle,7.0,Occasion,20000
Peugeot,208,2017,158000,Essence,Manuelle,4.0,Occasion,29000
Land rover,EVOQUE,2020,70000,Diesel,Automatique,14.0,Occasion,187000
MG,MG ZS,2017,89000,Essence,Manuelle,5.0,Occasion,34000
Citroen,C4,2012,193000,Essence,Manuelle,6.0,Occasion,30000
Hyundai,I10,2021,108000,Essence,Manuelle,5.0,Occasion,36000
Renault,Megane,2009,264000,Diesel,Automatique,7.0,Occasion,22000
Toyota,Land Cruiser,2003,400,Diesel,Manuelle,17.0,Occasion,60000
Volkswagen,Jetta,2011,195,Diesel,Manuelle,5.0,Occasion,42000
Land rover,EVOQUE,2019,170000,Diesel,Automatique,10.0,Occasion,125000
Audi,Q3,2013,74000,Essence,Automatique,13.0,Occasion,69000
Ford,FOCUS,2016,138000,Essence,Manuelle,6.0,Occasion,40500
Peugeot,107,2010,156000,Essence,Manuelle,4.0,Occasion,25500
Peugeot,206,2011,178600,Essence,Manuelle,5.0,Occasion,22500
Isuzu,D MAX,2021,21000,Diesel,Automatique,9.0,Occasion,185000
Citroen,BERLINGO,2016,215000,Diesel,Manuelle,10.0,Occasion,57000
Kia,PICANTO,2022,29000,Essence,Manuelle,5.0,Occasion,44000
Renault,Clio,1997,58857,Essence,Manuelle,5.0,Occasion,90000
Kia,SPORTAGE,2021,59000,Essence,Automatique,8.0,Occasion,92000
Hyundai,I10,2021,69000,Essence,Manuelle,5.0,Occasion,44200
Opel,Astra,2006,350,Diesel,Manuelle,5.0,Occasion,22000
Fiat,AUTRE,2007,250,Essence,Manuelle,5.0,Occasion,16500
Ford,KA,2015,156000,Essence,Manuelle,4.0,Occasion,25200
Honda,CR-V,2021,140000,Essence,Automatique,11.0,Occasion,85000
Citroen,C4,2006,58857,Essence,Manuelle,6.0,Occasion,21000
Hyundai,I10,2021,110000,Essence,Automatique,5.0,Occasion,48000
MG,MG RX8,2021,111000,Essence,Automatique,7.0,Occasion,65000
Seat,Ibiza,2017,130000,Essence,Manuelle,4.0,Occasion,34500
Citroen,BERLINGO,2010,58857,Diesel,Manuelle,6.0,Occasion,23000
Peugeot,308,2020,130000,Diesel,Manuelle,6.0,Occasion,67000
Chevrolet,CAPTIVA,2014,216000,Diesel,Automatique,11.0,Occasion,45000
Mitsubishi,Autres,2009,111111,Diesel,Manuelle,10.0,Occasion,31500
Suzuki,Celerio,2023,41000,Essence,Manuelle,4.0,Occasion,37000
Renault,Autres,2015,160000,Essence,Manuelle,5.0,Occasion,32000
Hyundai,I10,2023,37000,Essence,Manuelle,4.0,Occasion,42000
Audi,Q5,2016,62606,Essence,Automatique,13.0,Occasion,100000
Volkswagen,Golf,2008,200,Essence,Manuelle,6.0,Occasion,33000
Mercedes,Classe E,2015,139000,Essence,Automatique,12.0,Occasion,88000
Citroen,BERLINGO,2016,203,Diesel,Manuelle,5.0,Occasion,42700
Peugeot,208,2015,156000,Essence,Manuelle,5.0,Occasion,27800
Bmw,118,2018,126000,Essence,Automatique,7.0,Occasion,92000
Renault,Espace,2001,250000,Diesel,Manuelle,8.0,Occasion,18000
Mitsubishi,Autres,2023,10000,Essence,Automatique,6.0,Occasion,10000
Seat,Leon,2000,500,Diesel,Manuelle,6.0,Occasion,15000
Kia,RIO,2017,126570,Essence,Manuelle,5.0,Occasion,43000
Mercedes,Classe C,2020,190000,Diesel,Automatique,9.0,Occasion,155000
Peugeot,207,2011,290,Diesel,Manuelle,5.0,Occasion,28000
Ssangyong,Tivoli,2016,179000,Essence,Manuelle,7.0,Occasion,41000
Nissan,Qashqai,2021,129000,Essence,Automatique,6.0,Occasion,65500
Citroen,C5 II,2010,58857,Essence,Automatique,9.0,Occasion,31000
Ford,FOCUS,2002,1900,Essence,Manuelle,6.0,Occasion,17000
Volvo,S60,2009,130,Essence,Automatique,11.0,Occasion,42000
Renault,Megane,2004,198000,Diesel,Manuelle,5.0,Occasion,18000
Renault,Clio,2020,116400,Diesel,Manuelle,4.0,Occasion,48800
Renault,Fluence,2012,264000,Essence,Automatique,7.0,Occasion,31000
Peugeot,206,2006,300,Essence,Manuelle,4.0,Occasion,18500
Mercedes,Classe M,2008,168000,Diesel,Automatique,15.0,Occasion,80000
Audi,Q5,2014,98000,Essence,Automatique,14.0,Occasion,73500
Mahindra,KUV 100,2021,53000,Essence,Manuelle,5.0,Occasion,10000
Peugeot,Partner,2021,130000,Diesel,Manuelle,5.0,Occasion,43000
Mazda,MAZDA2,2017,141000,Essence,Manuelle,6.0,Occasion,42500
Volkswagen,Golf,2019,175000,Essence,Automatique,6.0,Occasion,64000
Volkswagen,Passat,2016,137880,Diesel,Manuelle,6.0,Occasion,72000
Renault,Captur,2014,110000,Essence,Manuelle,6.0,Occasion,41000
Renault,Megane,2011,218000,Essence,Manuelle,7.0,Occasion,26000
Hyundai,I10,2021,61000,Essence,Manuelle,4.0,Occasion,41000
Bmw,SERIE 3 VI,2014,150000,Essence,Automatique,7.0,Occasion,76000
Seat,Leon,2021,51000,Essence,Manuelle,6.0,Occasion,86000
Honda,CRV,2021,110000,Essence,Automatique,11.0,Occasion,190000
Volkswagen,Touran,2006,278,Essence,Manuelle,7.0,Occasion,28000
Volkswagen,Caddy,2010,376000,Diesel,Manuelle,8.0,Occasion,23000
Citroen,C5,2012,310000,Diesel,Manuelle,6.0,Occasion,40000
Mercedes,Classe Cla,2022,59000,Essence,Automatique,6.0,Occasion,110000
Peugeot,Expert,2020,232000,Diesel,Manuelle,9.0,Occasion,57000
Audi,A3,2017,105000,Essence,Automatique,7.0,Occasion,75000
Peugeot,Partner,2016,120,Essence,Manuelle,6.0,Occasion,50000
Kia,RIO,2016,237000,Essence,Manuelle,5.0,Occasion,37500
Citroen,DS3,2014,119000,Essence,Manuelle,5.0,Occasion,33000
Peugeot,Bipper Tepee,2016,210000,Essence,Manuelle,7.0,Occasion,39000
Ford,FOCUS,2016,82000,Essence,Manuelle,6.0,Occasion,45000
Kia,RIO,2016,58857,Essence,Manuelle,5.0,Occasion,43000
Volkswagen,Fox,2010,181,Essence,Manuelle,4.0,Occasion,20000
Volkswagen,Passat CC,2011,140,Essence,Automatique,12.0,Occasion,41000
Skoda,Octavia,2015,210,Essence,Automatique,7.0,Occasion,39000
Peugeot,Partner,2019,259,Diesel,Manuelle,5.0,Occasion,33000
Fiat,FIORINO,2021,78450,Diesel,Manuelle,5.0,Occasion,36000
Land rover,EVOQUE,2016,178000,Diesel,Automatique,8.0,Occasion,94000
Volkswagen,Passat CC,2008,300,Diesel,Manuelle,7.0,Occasion,31000
Ford,FIESTA,2013,248,Essence,Manuelle,5.0,Occasion,26000
Isuzu,D MAX,2022,122000,Diesel,Manuelle,8.0,Occasion,64000
Renault,Autres,2010,182000,Essence,Manuelle,5.0,Occasion,21000
Mahindra,KUV 100,2019,79000,Essence,Manuelle,5.0,Occasion,28000
Kia,RIO,2022,67600,Essence,Manuelle,5.0,Occasion,63900
Hyundai,I10,2021,62000,Essence,Manuelle,4.0,Occasion,38000
Volkswagen,Polo,2012,189,Essence,Manuelle,5.0,Occasion,31700
Citroen,C5,2010,178000,Essence,Automatique,9.0,Occasion,27500
Citroen,C4,2007,370000,Diesel,Manuelle,6.0,Occasion,23500
Dacia,LOGAN,2010,58857,Diesel,Manuelle,5.0,Occasion,21000
Citroen,C4,2009,241,Diesel,Manuelle,6.0,Occasion,19000
Chery,Tiggo,2020,76000,Essence,Manuelle,6.0,Occasion,42000
Peugeot,208,2020,98500,Essence,Manuelle,4.0,Occasion,33600
Audi,A3,2011,139000,Essence,Manuelle,6.0,Occasion,47000
Kia,RIO,2023,36000,Essence,Manuelle,5.0,Occasion,70000
Volkswagen,Passat,2010,151000,Essence,Automatique,9.0,Occasion,43000
Peugeot,2008,2021,79800,Essence,Automatique,7.0,Occasion,75000
Fiat,AUTRE,2009,300,Essence,Manuelle,6.0,Occasion,21000
Volkswagen,Beetle,2003,292000,Diesel,Manuelle,5.0,Occasion,23000
Haval,H6,2021,36000,Essence,Automatique,9.0,Occasion,95000
Fiat,DOBLO,2020,83000,Essence,Manuelle,6.0,Occasion,47000
Renault,Megane,2007,300000,Diesel,Manuelle,6.0,Occasion,15800
Mahindra,KUV 100,2021,31000,Essence,Manuelle,5.0,Occasion,32000
Fiat,UNO,2005,58857,Essence,Manuelle,5.0,Occasion,11120
Fiat,AUTRE,2008,300,Essence,Manuelle,6.0,Occasion,22000
Dacia,DOKKER,2016,260000,Diesel,Manuelle,5.0,Occasion,22000
Mitsubishi,Pajero,1991,330000,Diesel,Manuelle,10.0,Occasion,36500
Renault,Clio,2009,210,Essence,Manuelle,4.0,Occasion,24500
Renault,Scenic,2005,260000,Diesel,Manuelle,6.0,Occasion,17500
Volkswagen,Golf,2011,200,Essence,Manuelle,6.0,Occasion,29000
Nissan,Qashqai,2018,148000,Essence,Automatique,6.0,Occasion,51000
Citroen,C3,2011,150000,Essence,Manuelle,5.0,Occasion,31000
Peugeot,Autres,2016,179000,Essence,Manuelle,5.0,Occasion,26000
Ford,FIESTA,1993,101499,Diesel,Manuelle,5.0,Occasion,7500
Skoda,105,2022,49,Essence,Automatique,6.0,Occasion,83000
Fiat,PUNTO EVO,2013,207000,Essence,Manuelle,4.0,Occasion,27000
Chery,A5,2017,50,Essence,Automatique,7.0,Occasion,42000
Dacia,DOKKER,2020,190000,Diesel,Manuelle,6.0,Occasion,32000
Mahindra,KUV 100,2020,58177,Essence,Manuelle,5.0,Occasion,34000
Kia,SPORTAGE,2019,97700,Essence,Automatique,8.0,Occasion,85000
Toyota,Yaris,2023,31000,Essence,Manuelle,4.0,Occasion,55500
Peugeot,Autres,2014,148,Essence,Manuelle,4.0,Occasion,24000
Citroen,BERLINGO II,2020,113000,Diesel,Manuelle,5.0,Occasion,10000
Ford,ECOSPORT,2022,27000,Essence,Manuelle,7.0,Occasion,68000
Suzuki,Celerio,2023,24000,Essence,Manuelle,4.0,Occasion,38000
Kia,RIO,2016,123000,Essence,Manuelle,5.0,Occasion,43000
Land rover,EVOQUE,2014,230000,Essence,Automatique,15.0,Occasion,95000
Fiat,DOBLO CARGO,2015,251000,Diesel,Manuelle,5.0,Occasion,19000
Fiat,DUCATO,2016,177000,Diesel,Manuelle,8.0,Occasion,44000
Peugeot,Bipper Tepee,2017,150,Diesel,Manuelle,6.0,Occasion,27000
Kia,RIO,2022,75000,Essence,Manuelle,5.0,Occasion,64000
Kia,RIO,2016,163000,Essence,Automatique,6.0,Occasion,34500
Kia,SPORTAGE,2021,60000,Essence,Automatique,11.0,Occasion,100000
MG,MG 5,2020,82000,Essence,Manuelle,6.0,Occasion,43000
Bmw,X1,2014,145000,Essence,Manuelle,9.0,Occasion,43000
Opel,Corsa,1994,58857,Essence,Manuelle,4.0,Occasion,9000
Fiat,DUCATO,2015,280,Diesel,Manuelle,8.0,Occasion,40000
Bmw,320,2006,250,Diesel,Automatique,10.0,Occasion,38000
Hyundai,TUCSON,2017,190000,Diesel,Automatique,9.0,Occasion,82000
Volkswagen,Passat,2019,15000,Essence,Manuelle,7.0,Occasion,57568
Land rover,RANGE ROVER,2015,11000,Essence,Automatique,20.0,Occasion,135617
Volkswagen,Golf,2021,70000,Essence,Automatique,8.0,Occasion,30000
Citroen,C3,2017,92000,Essence,Manuelle,4.0,Occasion,33000
Mitsubishi,Autres,2012,300,Diesel,Manuelle,10.0,Occasion,37000
Bmw,SERIE 3 VI,2002,262000,Essence,Manuelle,9.0,Occasion,29000
Tata,TATA SUPER ACE,2019,130000,Diesel,Manuelle,7.0,Occasion,25000
Peugeot,Bipper Tepee,2013,144000,Essence,Manuelle,5.0,Occasion,29800
Dacia,DOKKER,2019,45000,Essence,Manuelle,6.0,Occasion,24363
Fiat,500,2021,18000,Essence,Manuelle,4.0,Occasion,38602
Hyundai,I10,2021,100000,Essence,Manuelle,5.0,Occasion,40700
Chevrolet,TRAX,2019,79000,Essence,Manuelle,8.0,Occasion,49900
Citroen,C4,2012,300,Diesel,Manuelle,5.0,Occasion,30500
Seat,Ibiza,2022,40000,Essence,Manuelle,4.0,Occasion,52000
Mercedes,Classe C,2021,42000,Diesel,Automatique,9.0,Occasion,111100
Citroen,BERLINGO,2020,170000,Diesel,Manuelle,4.0,Occasion,47000
Renault,Captur,2014,179000,Essence,Manuelle,6.0,Occasion,35500
Volkswagen,Golf,2014,188000,Essence,Manuelle,5.0,Occasion,47500
Mini,AUTRE,2016,52000,Diesel,Manuelle,5.0,Occasion,70000
Peugeot,307,2006,5000,Essence,Manuelle,6.0,Occasion,25000
Seat,Ibiza,2014,280,Essence,Manuelle,5.0,Occasion,280000
Bmw,525,2006,324,Diesel,Automatique,11.0,Occasion,33000
Bmw,318,2016,60000,Essence,Automatique,7.0,Occasion,75000
BYD,F3,2023,15800,Essence,Automatique,11.0,Occasion,100000
Bmw,316,2014,197000,Essence,Automatique,7.0,Occasion,70000
Peugeot,Autres,2017,200,Essence,Manuelle,5.0,Occasion,23200
Suzuki,Autres,2020,120000,Essence,Manuelle,6.0,Occasion,29000
Jaguar,XF,2011,160,Essence,Automatique,17.0,Occasion,75000
Peugeot,Partner,2019,168000,Diesel,Manuelle,5.0,Occasion,38000
Tata,TATA XENON X2,2018,220000,Diesel,Manuelle,7.0,Occasion,27000
Ford,FOCUS,2008,311000,Essence,Manuelle,6.0,Occasion,25500
Volkswagen,Polo,2015,150,Essence,Manuelle,4.0,Occasion,34500
Mercedes,Classe Cla,2015,125000,Diesel,Manuelle,5.0,Occasion,97000
Chery,Tiggo,2019,130000,Essence,Manuelle,8.0,Occasion,43500
Peugeot,206,2009,113000,Essence,Automatique,6.0,Occasion,21000
Tata,TATA XENON X2,2017,320,Diesel,Manuelle,7.0,Occasion,24000
Peugeot,505,2003,122,Diesel,Manuelle,10.0,Occasion,9000
Peugeot,3008,2018,201,Diesel,Automatique,6.0,Occasion,87000
Volkswagen,Golf 6,2011,216,Diesel,Manuelle,5.0,Occasion,35000
Citroen,AUTRE,2016,250000,Essence,Manuelle,5.0,Occasion,26000
Kia,RIO,2021,72000,Essence,Manuelle,5.0,Occasion,60500
Volkswagen,Jetta,2008,208732,Essence,Manuelle,7.0,Occasion,32000
Toyota,Corolla,2013,900,Diesel,Manuelle,7.0,Occasion,12800
Peugeot,208,2015,170000,Essence,Manuelle,4.0,Occasion,27000
Ford,KUGA,2019,70000,Essence,Manuelle,8.0,Occasion,73000
Mini,B,2010,140000,Essence,Manuelle,5.0,Occasion,25000
Renault,Autres,2017,59000,Essence,Automatique,8.0,Occasion,58500
Nissan,Qashqai,2010,265000,Diesel,Manuelle,6.0,Occasion,34500
Renault,Megane,2009,280000,Diesel,Manuelle,6.0,Occasion,30500
Kia,RIO,2015,175000,Essence,Automatique,5.0,Occasion,40500
Dacia,LOGAN M,2018,174000,Essence,Manuelle,5.0,Occasion,39000
Peugeot,2008,2017,168,Essence,Manuelle,5.0,Occasion,38000
Land rover,EVOQUE,2016,165000,Diesel,Automatique,9.0,Occasion,130000
Hyundai,I10,2021,200,Essence,Manuelle,5.0,Occasion,35000
Peugeot,207,2011,110000,Essence,Manuelle,6.0,Occasion,30000
Ford,C MAX,2009,270,Diesel,Manuelle,6.0,Occasion,23000
Fiat,DOBLO,2013,120000,Diesel,Manuelle,5.0,Occasion,19000
Bmw,SERIE 4,2016,70000,Diesel,Automatique,10.0,Occasion,49617
Renault,Megane,2021,80000,Diesel,Manuelle,6.0,Occasion,34479
Peugeot,308,2019,150000,Diesel,Manuelle,5.0,Occasion,56000
Fiat,DOBLO,2015,197000,Diesel,Manuelle,4.0,Occasion,15000
Volkswagen,Caddy,2005,1,Diesel,Manuelle,6.0,Occasion,23000
Ford,FOCUS,2006,360,Essence,Manuelle,6.0,Occasion,22500
Mercedes,Classe Cls,2007,250000,Diesel,Automatique,14.0,Occasion,58000
Citroen,DS3,2015,110,Essence,Manuelle,5.0,Occasion,36000
Kia,PICANTO,2014,189500,Essence,Manuelle,4.0,Occasion,30500
Peugeot,Expert,2008,360,Diesel,Manuelle,5.0,Occasion,23500
Chevrolet,AVEO,2014,180000,Essence,Manuelle,5.0,Occasion,23000
Nissan,Micra,2017,155000,Essence,Manuelle,5.0,Occasion,30500
Hyundai,I20,2020,180743,Essence,Manuelle,5.0,Occasion,45000
Kia,RIO,2020,194000,Essence,Automatique,6.0,Occasion,44500
Kia,RIO,2020,204000,Essence,Manuelle,6.0,Occasion,45500
Hyundai,I10,2016,170,Essence,Manuelle,4.0,Occasion,29900
Chery,Tiggo,2020,89000,Essence,Manuelle,6.0,Occasion,40000
Ford,FOCUS,2001,400,Diesel,Manuelle,7.0,Occasion,14500
Peugeot,3008,2019,185000,Essence,Automatique,9.0,Occasion,78000
Mitsubishi,Pajero,1999,200,Diesel,Manuelle,11.0,Occasion,37000
Volkswagen,Tiguan,1987,178000,Diesel,Manuelle,6.0,Occasion,11000
Tata,TATA XENON X2 DOUBLE CABINE,2016,272000,Diesel,Manuelle,7.0,Occasion,32000
Hyundai,TUCSON,2022,57000,Essence,Automatique,10.0,Occasion,135000
Mercedes,Classe M,2009,290000,Diesel,Automatique,15.0,Occasion,80000
Ford,FOCUS,2006,22000,Essence,Manuelle,6.0,Occasion,150000
Nissan,Qashqai,2018,120000,Essence,Manuelle,6.0,Occasion,62000
Peugeot,407,2011,114,Diesel,Manuelle,6.0,Occasion,30000
Renault,Clio,2022,95,Essence,Manuelle,6.0,Occasion,33824
Tata,TATA XENON X2,2017,250000,Diesel,Manuelle,7.0,Occasion,25000
Volkswagen,Golf,2021,42300,Essence,Manuelle,6.0,Occasion,95000
Hyundai,I10,2022,50000,Essence,Manuelle,5.0,Occasion,45500
Hyundai,I20,2018,113,Essence,Manuelle,5.0,Occasion,44000
Hyundai,I10,2022,43000,LPG,Manuelle,4.0,Occasion,39500
Bmw,316,2014,197000,Essence,Automatique,7.0,Occasion,63000
Peugeot,3008,2012,157000,Essence,Manuelle,7.0,Occasion,38000
MG,MG RX8,2023,47000,Essence,Automatique,9.0,Occasion,68000
Nissan,Qashqai,2020,135000,Essence,Automatique,6.0,Occasion,71000
Fiat,500,2020,65,Essence,Manuelle,4.0,Occasion,48500
Toyota,Aygo,2022,58000,Essence,Manuelle,5.0,Occasion,42000
Audi,A4,2010,215000,Essence,Manuelle,9.0,Occasion,37000
Mercedes,200,2011,199000,Essence,Automatique,11.0,Occasion,65000
Opel,Astra,2001,326000,Diesel,Manuelle,5.0,Occasion,18000
Bmw,518,2015,240000,Diesel,Automatique,7.0,Occasion,88000
Fiat,DOBLO,2020,190000,Diesel,Manuelle,4.0,Occasion,10000
Hyundai,I10,2021,101,Essence,Manuelle,5.0,Occasion,38000
Audi,Q3,2013,160000,Diesel,Automatique,10.0,Occasion,95000
Ford,ESCORT,1994,76000,Essence,Manuelle,7.0,Occasion,5500
Bmw,316,2013,139000,Essence,Automatique,7.0,Occasion,65000
Peugeot,3008,2020,104000,Essence,Automatique,9.0,Occasion,76000
Dacia,LOGAN,2014,236000,Essence,Manuelle,5.0,Occasion,10000
Volkswagen,Golf,2013,240,Essence,Manuelle,5.0,Occasion,24000
Mercedes,Classe A,2013,220000,Essence,Manuelle,7.0,Occasion,63500
Peugeot,106,2007,58857,Essence,Manuelle,5.0,Occasion,9000
Land rover,DISCOVERY,1999,289000,Diesel,Automatique,10.0,Occasion,35000
Fiat,BRAVO II,2009,470,Diesel,Manuelle,5.0,Occasion,18700
Peugeot,Autres,2018,105,Essence,Manuelle,5.0,Occasion,30000
Fiat,GRANDE PUNTO,2011,200,Essence,Manuelle,5.0,Occasion,23000
Peugeot,208,2019,198000,Essence,Manuelle,5.0,Occasion,23000
Volkswagen,Golf,2012,146000,Essence,Manuelle,6.0,Occasion,55000
Citroen,BERLINGO II,2022,177000,Diesel,Manuelle,5.0,Occasion,42000
Peugeot,Autres,2023,60000,Diesel,Manuelle,9.0,Occasion,42000
Renault,Clio,2018,180,Essence,Manuelle,4.0,Occasion,40000
Chevrolet,SPARK,2012,148000,Essence,Manuelle,5.0,Occasion,24000
Dacia,DOKKER,2014,247000,Diesel,Manuelle,5.0,Occasion,23000
Seat,Leon,2016,173,Essence,Manuelle,6.0,Occasion,49500
Ford,FIESTA,2019,92000,Essence,Manuelle,4.0,Occasion,38500
Opel,Astra,1996,233690,Diesel,Manuelle,5.0,Occasion,9000
Dacia,SANDERO,2020,132000,Diesel,Manuelle,5.0,Occasion,50000
Volkswagen,Passat,2011,320000,Essence,Manuelle,7.0,Occasion,32000
Dacia,LOGAN M,2012,150000,Diesel,Manuelle,6.0,Occasion,12000
Ssangyong,Tivoli,2021,80000,Essence,Manuelle,5.0,Occasion,60000
Wallyscar,IRIS,2020,146000,Essence,Manuelle,4.0,Occasion,25500
Peugeot,Partner,2009,404000,Diesel,Manuelle,6.0,Occasion,16000
Volkswagen,Polo,2014,190000,Essence,Manuelle,5.0,Occasion,32000
Peugeot,Autres,2021,115000,Diesel,Manuelle,6.0,Occasion,53000
Dacia,SANDERO,2014,155000,Essence,Manuelle,5.0,Occasion,38000
Nissan,Qashqai,2016,156000,Essence,Manuelle,6.0,Occasion,55000
Opel,Astra,2008,300000,Diesel,Manuelle,5.0,Occasion,23000
Renault,Megane,2010,230,Diesel,Manuelle,6.0,Occasion,32000
Renault,Clio,2005,344000,LPG,Manuelle,5.0,Occasion,22800
Peugeot,Partner,2021,101000,Diesel,Manuelle,5.0,Occasion,45900
Seat,Leon,2016,220000,Essence,Manuelle,6.0,Occasion,53000
Peugeot,207,2007,190000,Essence,Manuelle,6.0,Occasion,21000
Mini,AUTRE,2015,54000,Essence,Automatique,5.0,Occasion,72000
Peugeot,308,2017,144000,Essence,Manuelle,5.0,Occasion,36500
Ford,AUTRE,2014,270000,Essence,Manuelle,5.0,Occasion,20000
Mazda,MAZDA3,2014,170000,Essence,Manuelle,6.0,Occasion,35000
Bmw,318,2016,58857,Essence,Automatique,7.0,Occasion,70000
Volkswagen,Polo,2022,191,Essence,Manuelle,5.0,Occasion,41000
Mercedes,Classe Gla,2021,34225,Essence,Automatique,8.0,Occasion,135
Bmw,316,2010,209000,Essence,Manuelle,7.0,Occasion,41000
Peugeot,308,2017,164000,Diesel,Manuelle,5.0,Occasion,47000
Mazda,MAZDA3,2018,112,Essence,Manuelle,6.0,Occasion,55000
Renault,Scenic,2016,300,Diesel,Manuelle,5.0,Occasion,44000
Toyota,Hiace,2019,792000,Diesel,Manuelle,8.0,Occasion,60000
Peugeot,208,2020,125000,Essence,Manuelle,5.0,Occasion,31500
Volkswagen,Golf 4,2001,450,Diesel,Manuelle,5.0,Occasion,22000
Hyundai,I20,2020,138000,Essence,Manuelle,5.0,Occasion,50000
Toyota,Yaris,2018,130000,Essence,Manuelle,4.0,Occasion,37500
Chevrolet,AUTRE,2021,77250,Essence,Manuelle,5.0,Occasion,38000
Skoda,Fabia,2016,190000,Essence,Manuelle,4.0,Occasion,27000
Volkswagen,Golf,2006,320000,Essence,Manuelle,5.0,Occasion,28000
Mahindra,KUV 100,2022,50000,Essence,Manuelle,5.0,Occasion,35000
Mazda,CX-5,2014,200,Diesel,Manuelle,9.0,Occasion,60000
Fiat,PANDA,2016,200,Essence,Manuelle,4.0,Occasion,30000
Kia,RIO,2016,152000,Essence,Manuelle,5.0,Occasion,40000
Fiat,GRANDE PUNTO,2013,154000,Essence,Manuelle,4.0,Occasion,27000
Volkswagen,Golf 7,2017,259000,Essence,Manuelle,5.0,Occasion,56000
Toyota,Yaris,2021,100,Essence,Manuelle,4.0,Occasion,43000
Fiat,PUNTO,2007,250,Essence,Manuelle,5.0,Occasion,18000
Peugeot,2008,2018,150,Essence,Manuelle,5.0,Occasion,43000
Citroen,ZX,1997,400000,Essence,Manuelle,5.0,Occasion,11000
Chery,QQ,2017,100,Essence,Manuelle,4.0,Occasion,21000
Toyota,Yaris,2017,80000,Essence,Manuelle,4.0,Occasion,35000
Geely,LC,2018,128,Essence,Manuelle,6.0,Occasion,37000
Kia,RIO,2010,321000,Essence,Manuelle,6.0,Occasion,19500
Seat,Ibiza,2020,64000,Essence,Manuelle,4.0,Occasion,46500
Seat,Leon,2016,188000,Essence,Manuelle,6.0,Occasion,79000
Ford,KA,2012,124000,Essence,Manuelle,4.0,Occasion,25900
Peugeot,Bipper Tepee,2017,157000,Diesel,Manuelle,4.0,Occasion,10000
Peugeot,508,2015,236000,Essence,Automatique,9.0,Occasion,32000
Chery,QQ,2017,100000,Essence,Manuelle,4.0,Occasion,22000
Fiat,PANDA,2020,68000,Essence,Manuelle,4.0,Occasion,34000
Volkswagen,Polo,2010,231619,Essence,Manuelle,4.0,Occasion,25500
Opel,Astra,2021,65000,Essence,Manuelle,6.0,Occasion,30664
Opel,Corsa,1998,310,Essence,Manuelle,4.0,Occasion,12200
Mercedes,200,2007,310000,Diesel,Manuelle,8.0,Occasion,42000
Ford,FIESTA,2014,270000,Essence,Manuelle,5.0,Occasion,28000
Volkswagen,Golf,2010,180000,Essence,Manuelle,5.0,Occasion,42000
Volkswagen,Golf,1990,444,Essence,Manuelle,6.0,Occasion,60000
Peugeot,307,2003,129000,Essence,Manuelle,7.0,Occasion,24000
Skoda,Fabia,2017,63000,Essence,Manuelle,4.0,Occasion,45000
Renault,R5,1989,400,Essence,Manuelle,4.0,Occasion,7500
Volkswagen,Passat,2002,280000,Diesel,Manuelle,7.0,Occasion,19000
Volkswagen,Golf 7,2018,118000,Essence,Manuelle,5.0,Occasion,77000
Kia,RIO,2022,40000,Essence,Manuelle,5.0,Occasion,58500
Audi,A5 SPORTBACK,2019,150000,Essence,Automatique,8.0,Occasion,100000
Dacia,SANDERO,2018,120,Essence,Manuelle,4.0,Occasion,35000
Peugeot,Autres,2014,58857,Diesel,Manuelle,5.0,Occasion,21300
Renault,Fluence,2012,205000,Diesel,Manuelle,6.0,Occasion,28000
Kia,RIO,2010,190,Essence,Manuelle,6.0,Occasion,25000
Peugeot,207,2008,230,Essence,Manuelle,6.0,Occasion,21000
Renault,Megane,2019,70000,Essence,Automatique,6.0,Occasion,65000
Volkswagen,Golf 6,2010,340,Diesel,Manuelle,5.0,Occasion,35800
Peugeot,Partner,2025,58857,Essence,Manuelle,6.0,Occasion,15500
MG,MG RX8,2019,50000,Essence,Manuelle,7.0,Occasion,65000
Fiat,PANDA,2017,135000,Essence,Manuelle,4.0,Occasion,31000
MG,MG RX8,2020,63000,Essence,Manuelle,7.0,Occasion,400000
Volkswagen,Tiguan,2014,119000,Diesel,Automatique,8.0,Occasion,79000
Nissan,Navara,2005,58857,Diesel,Manuelle,10.0,Occasion,23000
Volkswagen,Polo,2007,243000,Essence,Manuelle,5.0,Occasion,25500
Mercedes,Classe E,2000,340000,Diesel,Manuelle,7.0,Occasion,25000
Citroen,C3,2011,230000,Essence,Manuelle,5.0,Occasion,26500
Audi,A4,2012,176000,Essence,Manuelle,7.0,Occasion,45000
Kia,RIO,2023,6430,Essence,Manuelle,5.0,Occasion,65000
Skoda,Autres,2021,140000,Essence,Automatique,6.0,Occasion,65000
Chery,Tiggo,2020,82,Essence,Manuelle,6.0,Occasion,39000
Kia,CERATO,2010,220,Essence,Manuelle,7.0,Occasion,28500
Peugeot,Partner,2000,321000,Essence,Manuelle,5.0,Occasion,16500
Opel,Corsa,1998,280000,Essence,Manuelle,4.0,Occasion,10000
Mercedes,Classe C,1994,350,Essence,Manuelle,8.0,Occasion,32000
Fiat,DOBLO,2022,150000,Diesel,Manuelle,5.0,Occasion,33500
Ford,ECOSPORT,2018,75000,Essence,Manuelle,6.0,Occasion,60000
Citroen,DS3,2011,223000,Essence,Manuelle,5.0,Occasion,27500
Seat,Ateca,2023,30000,Essence,Automatique,8.0,Occasion,115000
Volkswagen,Polo,2010,300,Essence,Manuelle,4.0,Occasion,10000
Chevrolet,SPARK,2011,123000,Essence,Manuelle,4.0,Occasion,23000
Bmw,SERIE 1 II,2017,50000,Essence,Automatique,7.0,Occasion,90000
Audi,A4,2016,330000,Essence,Automatique,8.0,Occasion,70000
Suzuki,Autres,2020,130,Essence,Manuelle,6.0,Occasion,53000
Audi,A4 ALLROAD,2008,220000,Essence,Manuelle,9.0,Occasion,33000
Audi,A4,2013,234111,Essence,Manuelle,7.0,Occasion,35000
Peugeot,206,2011,201582,Essence,Manuelle,4.0,Occasion,24300
Renault,Clio,2010,11111,Essence,Manuelle,6.0,Occasion,17000
Fiat,AUTRE,2006,200000,Essence,Manuelle,5.0,Occasion,14000
Suzuki,Swift,2017,171000,Essence,Manuelle,5.0,Occasion,35000
Mercedes,Autres,2015,160,Essence,Manuelle,4.0,Occasion,22000
Renault,Clio,2012,175000,Essence,Automatique,5.0,Occasion,28000
Suzuki,Alto,2020,120000,Essence,Manuelle,6.0,Occasion,29000
Mercedes,Classe A,2019,48000,Essence,Automatique,8.0,Occasion,60052
Jaguar,XF,2013,245000,Essence,Automatique,15.0,Occasion,80000
Volkswagen,Passat,2006,147000,Essence,Automatique,10.0,Occasion,34000
Volkswagen,Polo,2011,210000,Essence,Manuelle,5.0,Occasion,32500
Ford,FUSION,2009,1,Essence,Manuelle,5.0,Occasion,24000
Peugeot,Bipper Tepee,2017,134,Diesel,Manuelle,5.0,Occasion,25000
Mini,AUTRE,2009,1,Essence,Manuelle,7.0,Occasion,28000
Peugeot,Partner,2020,197000,Diesel,Manuelle,5.0,Occasion,38000
Volkswagen,Touareg,2021,160000,Diesel,Manuelle,6.0,Occasion,111000
BYD,F1,2021,120000,Essence,Automatique,9.0,Occasion,65000
Nissan,Micra,2018,210000,Essence,Manuelle,4.0,Occasion,25200
BYD,F3,2022,1547,Essence,Automatique,11.0,Occasion,134000
Volvo,V60,2011,85000,Diesel,Manuelle,9.0,Occasion,60000
Ford,FOCUS,2013,174,Essence,Manuelle,7.0,Occasion,34000
Mahindra,KUV 100,2020,153000,Essence,Manuelle,5.0,Occasion,30000
Ford,MONDEO,1997,400,Diesel,Manuelle,5.0,Occasion,14000
Fiat,GRANDE PUNTO,2012,230,Essence,Manuelle,4.0,Occasion,24000
Fiat,PANDA,2021,52,Essence,Manuelle,5.0,Occasion,44000
Toyota,Land Cruiser,2000,430000,Diesel,Automatique,12.0,Occasion,71500
Kia,AUTRE,2022,76000,Essence,Manuelle,4.0,Occasion,72000
MG,MG RX8,2019,94000,Essence,Automatique,7.0,Occasion,60000
Volkswagen,Polo,2015,98000,Essence,Manuelle,4.0,Occasion,37000
Volkswagen,Polo,2022,158000,Essence,Manuelle,4.0,Occasion,45000
Volkswagen,Caddy,2014,390,Diesel,Manuelle,5.0,Occasion,30000
Fiat,GRANDE PUNTO,2013,300,Essence,Manuelle,5.0,Occasion,20000
Volkswagen,Golf,1995,135000,Essence,Manuelle,5.0,Occasion,9400
Mahindra,KUV 100,2023,44500,Essence,Manuelle,5.0,Occasion,37300
Opel,Astra,2016,56000,Essence,Manuelle,8.0,Occasion,47000
Peugeot,308,2020,167000,Diesel,Manuelle,6.0,Occasion,50000
Fiat,PALIO WEEKEND,2010,350000,Essence,Manuelle,5.0,Occasion,12000
Nissan,Micra,2013,177700,Essence,Manuelle,5.0,Occasion,26000
Peugeot,3008,2021,141000,Diesel,Manuelle,7.0,Occasion,80000
Fiat,DOBLO,2014,20000,Diesel,Manuelle,5.0,Occasion,19000
Toyota,Hiace,2025,2278,Diesel,Manuelle,10.0,Occasion,90000
Volkswagen,Polo,1995,100000,Essence,Manuelle,5.0,Occasion,5800
Volkswagen,Jetta,2013,220000,Essence,Manuelle,6.0,Occasion,42000
Kia,RIO,2022,68000,Essence,Manuelle,5.0,Occasion,55000
Peugeot,106,1995,320,Essence,Manuelle,4.0,Occasion,11500
Peugeot,508,2013,170000,Essence,Automatique,7.0,Occasion,32300
Toyota,Hiace,2015,300000,Diesel,Manuelle,10.0,Occasion,95000
Nissan,Navara,2010,330,Diesel,Manuelle,8.0,Occasion,55000
Mahindra,KUV 100,2020,105000,Essence,Manuelle,5.0,Occasion,28000
Renault,Clio,2013,157000,Essence,Manuelle,5.0,Occasion,36500
Seat,Ibiza,2020,19000,Essence,Manuelle,4.0,Occasion,55000
Mercedes,Classe Gl,2008,96000,Diesel,Automatique,15.0,Occasion,129000
Dacia,LOGAN M,2021,5000,Essence,Manuelle,5.0,Occasion,50000
Citroen,C3,2006,200000,Essence,Manuelle,5.0,Occasion,21000
Volkswagen,Golf 7,2014,240,Essence,Manuelle,5.0,Occasion,54000
Chevrolet,AVEO,2012,180,Essence,Manuelle,5.0,Occasion,27500
Volkswagen,Golf,2003,226000,Essence,Manuelle,5.0,Occasion,28000
Fiat,DOBLO,2024,70000,Diesel,Manuelle,5.0,Occasion,41900
Kia,PICANTO,2017,139000,Essence,Manuelle,4.0,Occasion,32000
Audi,A4,2012,200000,Essence,Manuelle,7.0,Occasion,38500
Suzuki,Autres,2022,45000,Essence,Manuelle,4.0,Occasion,34000
Seat,Ibiza,2019,200,Essence,Manuelle,4.0,Occasion,36000
Renault,Megane,2021,115500,Essence,Automatique,7.0,Occasion,60000
Fiat,DOBLO CARGO,2021,121000,Diesel,Manuelle,5.0,Occasion,33500
Dacia,DUSTER,2014,200,Diesel,Manuelle,6.0,Occasion,36500
Kia,PICANTO,2010,188,Essence,Automatique,5.0,Occasion,22000
Mercedes,Classe A,2019,144000,Essence,Automatique,9.0,Occasion,10000
Fiat,500,2018,112000,Essence,Automatique,4.0,Occasion,38000
Audi,A4,2015,199,Essence,Manuelle,7.0,Occasion,47000
Ssangyong,Tivoli,2018,170,Essence,Manuelle,7.0,Occasion,62000
Bmw,316,2020,150000,Diesel,Automatique,6.0,Occasion,187500
Fiat,DUCATO,1998,470,Diesel,Manuelle,9.0,Occasion,14500
Citroen,BERLINGO,2016,239000,Diesel,Manuelle,5.0,Occasion,34000
Ssangyong,Rexton,2006,260000,Diesel,Manuelle,11.0,Occasion,33000
Mercedes,250,1989,1,Diesel,Manuelle,8.0,Occasion,15700
Peugeot,3008,2020,156000,Diesel,Manuelle,7.0,Occasion,80000
Kia,SPORTAGE,2013,218200,Diesel,Automatique,11.0,Occasion,54000
Audi,A4,2012,200000,Essence,Manuelle,7.0,Occasion,37500
Renault,Latitude,2012,1,Diesel,Manuelle,8.0,Occasion,38000
Chery,Tiggo,2021,63000,Essence,Manuelle,6.0,Occasion,46500
Volkswagen,Polo,2008,270,Essence,Manuelle,5.0,Occasion,23700
Skoda,Octavia,2020,154000,Diesel,Automatique,7.0,Occasion,90000
Hyundai,IX35,2013,162,Diesel,Automatique,11.0,Occasion,49000
Citroen,C4,2013,185000,Essence,Manuelle,6.0,Occasion,27500
Opel,Corsa,2016,77000,Essence,Manuelle,5.0,Occasion,35000
Chevrolet,SPARK,2016,200000,Essence,Manuelle,5.0,Occasion,26000
Volkswagen,Polo,2002,187000,Essence,Manuelle,5.0,Occasion,13000
Peugeot,206,2003,58857,Essence,Manuelle,4.0,Occasion,16000
Mercedes,Classe A,2013,160000,Diesel,Manuelle,6.0,Occasion,48000
Peugeot,208,2019,57,Essence,Manuelle,4.0,Occasion,30000
Volkswagen,Polo,2010,85,Diesel,Manuelle,5.0,Occasion,21000
Volkswagen,Caddy,2020,213000,Diesel,Manuelle,6.0,Occasion,42500
Volkswagen,Caddy,2001,300,Diesel,Manuelle,7.0,Occasion,13000
Mercedes,Autres,1997,58857,Essence,Manuelle,9.0,Occasion,18000
Volkswagen,Polo,2021,200000,Diesel,Manuelle,5.0,Occasion,65000
Kia,RIO,2020,180000,Essence,Automatique,6.0,Occasion,57000
Mitsubishi,Autres,2017,8488,Diesel,Manuelle,10.0,Occasion,12000
Peugeot,207,2012,170000,Essence,Manuelle,5.0,Occasion,27000
Haval,H6,2019,112000,Essence,Automatique,9.0,Occasion,74000
Peugeot,208,2013,132000,Essence,Manuelle,5.0,Occasion,27000
Ford,KUGA,2010,188000,Diesel,Manuelle,8.0,Occasion,94000
Peugeot,307,2003,58857,Diesel,Manuelle,8.0,Occasion,18000
Opel,Corsa,2015,1000,Essence,Manuelle,4.0,Occasion,22630
Audi,A4,2011,201000,Diesel,Manuelle,7.0,Occasion,40000
Renault,Autres,2010,530000,Essence,Manuelle,5.0,Occasion,22500
Peugeot,407,2010,310000,Diesel,Manuelle,6.0,Occasion,23800
Kia,RIO,2022,67000,Essence,Manuelle,5.0,Occasion,63000
Citroen,C4,2012,241000,Essence,Manuelle,6.0,Occasion,27000
Peugeot,206,2007,370,Essence,Manuelle,6.0,Occasion,18000
Citroen,C3 II,2019,117369,Essence,Manuelle,4.0,Occasion,33500
Bmw,120,2016,165000,Essence,Automatique,10.0,Occasion,65000
Volkswagen,Tiguan,2021,66000,Essence,Automatique,8.0,Occasion,118000
Renault,Clio,1997,410000,Essence,Manuelle,5.0,Occasion,13000
Volkswagen,Golf 7,2018,84000,Essence,Manuelle,6.0,Occasion,67000
Fiat,FIORINO,2009,250000,Diesel,Manuelle,5.0,Occasion,26000
Nissan,Juke,2021,62000,Essence,Automatique,6.0,Occasion,55000
Opel,Astra,2019,200,Essence,Manuelle,4.0,Occasion,25000
Mini,AUTRE,2018,86,Essence,Manuelle,4.0,Occasion,36000
Fiat,DOBLO,2016,243,Diesel,Manuelle,5.0,Occasion,20000
Hyundai,ACCENT,2014,375000,Essence,Manuelle,6.0,Occasion,31500
Mahindra,KUV 100,2019,102000,Essence,Manuelle,5.0,Occasion,30000
Citroen,C3,2019,116000,Essence,Manuelle,4.0,Occasion,35800
Peugeot,206,2000,58857,Essence,Manuelle,5.0,Occasion,17800
Toyota,Yaris,2017,154000,Essence,Manuelle,5.0,Occasion,45500
MG,MG RX8,2021,30000,Essence,Automatique,7.0,Occasion,76000
Kia,RIO,2021,40000,Essence,Manuelle,4.0,Occasion,58500
Seat,Ibiza,2021,140000,Essence,Manuelle,5.0,Occasion,43000
Mahindra,KUV 100,2019,83000,Essence,Manuelle,5.0,Occasion,30500
Volkswagen,Golf,2014,240,Diesel,Manuelle,5.0,Occasion,36000
Suzuki,Autres,2020,52000,Essence,Manuelle,4.0,Occasion,31500
Renault,Clio,2021,13000,Essence,Manuelle,5.0,Occasion,46500
Peugeot,Partner,2013,290000,Diesel,Manuelle,5.0,Occasion,35000
Kia,CERATO,2018,157000,Essence,Automatique,7.0,Occasion,62000
Kia,SPORTAGE,2011,260000,Diesel,Automatique,11.0,Occasion,48000
Peugeot,206,2002,264000,Essence,Manuelle,4.0,Occasion,17000
Ford,FIESTA,2015,216,Essence,Manuelle,5.0,Occasion,32000
Renault,Clio,2022,96000,Essence,Manuelle,5.0,Occasion,45000
Bmw,116,1987,909099,Essence,Manuelle,7.0,Occasion,12500
Peugeot,107,2012,169000,Essence,Manuelle,4.0,Occasion,24500
MG,MG 5,2020,50000,Essence,Manuelle,7.0,Occasion,56000
Renault,Autres,2023,50000,Essence,Manuelle,4.0,Occasion,350000
Nissan,Juke,2011,220000,Diesel,Manuelle,5.0,Occasion,38000
Chery,Tiggo,2021,105000,Essence,Manuelle,6.0,Occasion,45000
Fiat,PANDA,2013,210,Essence,Manuelle,4.0,Occasion,28000
Volkswagen,Tiguan,2024,58857,Essence,Automatique,9.0,Occasion,12000
Audi,A3,2015,255000,Essence,Manuelle,5.0,Occasion,70000
Opel,Astra,2008,315000,Essence,Manuelle,5.0,Occasion,25000
Peugeot,106,1997,58857,Autre,Manuelle,5.0,Occasion,11000
Kia,CERATO,2017,8600,Essence,Automatique,7.0,Occasion,45000
Kia,CERATO,2017,86000,Essence,Automatique,7.0,Occasion,50000
Kia,RIO,2015,190000,Essence,Manuelle,4.0,Occasion,35700
Volkswagen,Passat,2009,304000,Diesel,Manuelle,6.0,Occasion,42000
Volkswagen,Transporter,2015,222000,Diesel,Manuelle,7.0,Occasion,54000
Lada,110,2019,80000,Essence,Manuelle,7.0,Occasion,26500
Renault,Megane,2019,71000,Essence,Automatique,6.0,Occasion,57000
Volvo,S40,2008,300,Essence,Manuelle,6.0,Occasion,19500
Citroen,C3,2019,85000,Essence,Manuelle,4.0,Occasion,370000
Audi,A2,2004,300,Diesel,Manuelle,5.0,Occasion,18000
Volkswagen,Golf 8,2020,76700,Essence,Manuelle,8.0,Occasion,103000
Citroen,C5 TOURER,2016,217000,Diesel,Manuelle,7.0,Occasion,45000
Ford,AUTRE,2013,147,Essence,Manuelle,5.0,Occasion,25000
Volkswagen,Transporter,2016,58857,Diesel,Manuelle,7.0,Occasion,30000
Volkswagen,Golf,2019,99000,Essence,Manuelle,6.0,Occasion,23000
Audi,A3,2013,241,Essence,Manuelle,7.0,Occasion,56000
Renault,Autres,2011,252000,Essence,Manuelle,5.0,Occasion,25000
BYD,F1,2023,48000,Essence,Automatique,11.0,Occasion,137000
Audi,80,1988,300,Diesel,Manuelle,4.0,Occasion,12000
Peugeot,208,2018,43000,Essence,Manuelle,5.0,Occasion,35000
Peugeot,Partner,2020,63000,Diesel,Manuelle,6.0,Occasion,40000
Mercedes,Classe C,2012,237000,Diesel,Automatique,9.0,Occasion,70000
Peugeot,106,1999,340,Essence,Manuelle,5.0,Occasion,11000
Seat,Autres,2021,155,Essence,Automatique,8.0,Occasion,95000
Volkswagen,Amarok,2012,263000,Diesel,Manuelle,8.0,Occasion,65000
Ssangyong,Tivoli,2020,126000,Essence,Manuelle,6.0,Occasion,63000
Mazda,BT 50,2017,140000,Diesel,Manuelle,8.0,Occasion,60000
Volkswagen,Golf,2009,333000,Essence,Manuelle,5.0,Occasion,34000
Peugeot,308,2011,380,Essence,Manuelle,6.0,Occasion,23500
Peugeot,206,2001,300000,Diesel,Manuelle,5.0,Occasion,12000
Chery,A5,2019,155,Essence,Manuelle,6.0,Occasion,37000
Mitsubishi,Autres,2022,60000,Essence,Manuelle,4.0,Occasion,12345
Chery,Tiggo,2019,107000,Essence,Manuelle,6.0,Occasion,44000
Ford,ESCORT,2013,139000,Essence,Automatique,6.0,Occasion,60000
Mazda,BT 50,2011,58857,Diesel,Manuelle,7.0,Occasion,25000
Chevrolet,AVEO,2013,300,Essence,Manuelle,5.0,Occasion,21500
Citroen,C4,2014,260000,Essence,Manuelle,6.0,Occasion,30000
Nissan,Navara,2010,350000,Diesel,Manuelle,10.0,Occasion,40000
Mercedes,Classe Cla,2013,65000,Essence,Manuelle,6.0,Occasion,80000
Kia,RIO,2017,165000,Essence,Manuelle,5.0,Occasion,40000
Volkswagen,Passat,2006,260000,Essence,Manuelle,7.0,Occasion,32000
Peugeot,Expert,2020,190000,Diesel,Manuelle,6.0,Occasion,62000
Kia,PICANTO,2021,47940,Essence,Manuelle,4.0,Occasion,40900
Volkswagen,Caddy,2020,170,Diesel,Manuelle,7.0,Occasion,54000
Kia,RIO,2019,70800,Essence,Manuelle,5.0,Occasion,52500
Ford,FOCUS,2013,200,Essence,Manuelle,7.0,Occasion,30000
Volkswagen,Polo,2021,167000,Essence,Manuelle,5.0,Occasion,44000
Citroen,C5 II,2009,342000,Diesel,Manuelle,6.0,Occasion,25000
Mercedes,230,2010,300000,Diesel,Automatique,9.0,Occasion,60000
Volkswagen,Passat,2006,240000,Diesel,Manuelle,6.0,Occasion,28900
Kia,RIO,2013,193000,Essence,Manuelle,5.0,Occasion,32000
Ford,FOCUS,2017,155000,Essence,Automatique,7.0,Occasion,38000
Chevrolet,AUTRE,2019,133000,Essence,Manuelle,5.0,Occasion,33500
Volkswagen,Golf,2020,93000,Essence,Manuelle,6.0,Occasion,79500
Peugeot,Autres,2021,100000,Diesel,Manuelle,6.0,Occasion,72000
Volkswagen,UP,2017,39000,Essence,Manuelle,5.0,Occasion,44000
Mercedes,Classe E,2009,257000,Diesel,Manuelle,7.0,Occasion,53000
Renault,Megane,2013,212000,Diesel,Manuelle,5.0,Occasion,33000
Hyundai,TUCSON,2017,120,Essence,Automatique,11.0,Occasion,90000
Ford,FIESTA,1985,300,Essence,Manuelle,4.0,Occasion,33508
Dacia,SANDERO,2017,137500,Essence,Manuelle,5.0,Occasion,39000
Citroen,C4 CACTUS,2020,125000,Essence,Manuelle,6.0,Occasion,47000
Seat,Ibiza,2022,43000,Essence,Manuelle,4.0,Occasion,48000
Kia,SPORTAGE,2021,101,Diesel,Manuelle,7.0,Occasion,97000
Ford,FIESTA,2008,135000,Essence,Manuelle,5.0,Occasion,20500
Suzuki,Celerio,2018,101000,Essence,Manuelle,4.0,Occasion,27200
Peugeot,Autres,2021,200000,Diesel,Manuelle,5.0,Occasion,40000
Chery,QQ,2021,62000,Essence,Manuelle,4.0,Occasion,25000
Ford,FIESTA,2010,193000,Essence,Manuelle,5.0,Occasion,26000
Mercedes,300,2010,263297,Diesel,Automatique,14.0,Occasion,50000
Volkswagen,Golf 7,2013,177500,Essence,Manuelle,5.0,Occasion,47000
Fiat,500,2010,201000,Essence,Manuelle,4.0,Occasion,25000
Peugeot,Boxer,2021,106872,Diesel,Manuelle,7.0,Occasion,10000
Volkswagen,Golf,1999,267000,Essence,Manuelle,5.0,Occasion,19500
Renault,Kangoo,1999,250000,Diesel,Manuelle,4.0,Occasion,7000
Nissan,Qashqai,2008,280000,Essence,Automatique,9.0,Occasion,35000
Kia,RIO,2018,140,Essence,Manuelle,5.0,Occasion,50000
Citroen,C4 CACTUS,2021,139,Diesel,Manuelle,5.0,Occasion,64000
Fiat,UNO,1995,244000,Essence,Manuelle,4.0,Occasion,13800
Fiat,PUNTO EVO,2015,136000,Essence,Manuelle,4.0,Occasion,31500
Alfa romeo,MITO,2011,58857,Essence,Manuelle,5.0,Occasion,26000
Renault,Megane,2011,300000,Essence,Manuelle,7.0,Occasion,26500
Nissan,Autres,2004,490,Diesel,Manuelle,11.0,Occasion,47000
Volkswagen,Transporter,2010,58857,Diesel,Manuelle,9.0,Occasion,28000
Hyundai,I20,2024,20,Essence,Manuelle,4.0,Occasion,61000
Peugeot,206,2008,1111,Essence,Manuelle,6.0,Occasion,20000
Renault,Autres,2010,200000,Essence,Manuelle,5.0,Occasion,25000
Citroen,BERLINGO,2021,90000,Diesel,Manuelle,5.0,Occasion,58000
Chery,A5,2017,165,Essence,Manuelle,7.0,Occasion,34000
Peugeot,Autres,2021,164000,Diesel,Manuelle,6.0,Occasion,55000
Renault,Kangoo,2001,58857,Diesel,Manuelle,7.0,Occasion,7000
Mazda,MAZDA3,2015,108000,Essence,Manuelle,6.0,Occasion,43500
Kia,CERATO,2011,250000,Essence,Automatique,7.0,Occasion,32000
Volkswagen,Golf,2014,107000,Essence,Automatique,5.0,Occasion,47000
Kia,CEED,2021,87000,Essence,Manuelle,6.0,Occasion,64000
Renault,Clio,2010,370,Essence,Manuelle,5.0,Occasion,23000
Citroen,JUMPER,2019,160,Diesel,Manuelle,9.0,Occasion,65000
Hyundai,I10,2011,225000,Essence,Manuelle,4.0,Occasion,24500
Opel,Corsa,2011,153000,Essence,Manuelle,5.0,Occasion,19500
Renault,Clio,2009,257000,Essence,Manuelle,4.0,Occasion,27000
Mahindra,KUV 100,2021,420000,Essence,Manuelle,5.0,Occasion,34000
Peugeot,Partner,2002,400,Diesel,Manuelle,7.0,Occasion,15000
Renault,Autres,2011,320000,Essence,Manuelle,5.0,Occasion,18000
Peugeot,Partner,2006,600000,Diesel,Manuelle,7.0,Occasion,15600
Volkswagen,Amarok,2011,225000,Diesel,Automatique,8.0,Occasion,55000
Peugeot,508,2013,170000,Essence,Automatique,7.0,Occasion,34000
Kia,CERATO,2015,280000,Essence,Automatique,8.0,Occasion,40000
Opel,Corsa,1998,58857,Essence,Manuelle,4.0,Occasion,11000
Hyundai,I10,2021,45000,Essence,Manuelle,5.0,Occasion,46000
Peugeot,208,2016,61000,Essence,Manuelle,5.0,Occasion,390000
Toyota,Autres,2023,17000,Essence,Manuelle,4.0,Occasion,38500
Peugeot,2008,2008,250000,Essence,Manuelle,6.0,Occasion,19500
Citroen,JUMPY,1996,550994,Diesel,Manuelle,7.0,Occasion,15000
Volkswagen,Golf,2013,178000,Essence,Manuelle,5.0,Occasion,45000
Nissan,Micra,2010,170000,Essence,Manuelle,5.0,Occasion,22000
Peugeot,3008,2019,190000,Essence,Automatique,7.0,Occasion,62000
Ford,FOCUS,2016,128000,Essence,Manuelle,6.0,Occasion,37000
Ford,FOCUS,2008,300,Essence,Manuelle,6.0,Occasion,21500
Citroen,C4,2008,280,Diesel,Manuelle,6.0,Occasion,17000
Volkswagen,Polo,1999,200000,Essence,Manuelle,5.0,Occasion,10000
Peugeot,307,2003,250,Essence,Manuelle,6.0,Occasion,21000
Mercedes,Classe B,2008,300000,Diesel,Automatique,7.0,Occasion,33000
Chery,A1,2020,130000,Essence,Manuelle,7.0,Occasion,40500
Dacia,SANDERO,2015,185300,Essence,Manuelle,5.0,Occasion,35000
Land rover,RANGE ROVER,2017,118000,Diesel,Automatique,6.0,Occasion,270000
Bmw,525,1989,54848,Diesel,Manuelle,7.0,Occasion,12000
Renault,Megane,2005,340000,Diesel,Manuelle,7.0,Occasion,18000
Hyundai,TUCSON,2021,129000,Hybride,Automatique,7.0,Occasion,10000
Ford,ECOSPORT,2022,79,Essence,Manuelle,7.0,Occasion,69000
Mercedes,Classe B,2006,268000,Essence,Manuelle,6.0,Occasion,28000
Chery,QQ,2020,92000,Essence,Manuelle,4.0,Occasion,25000
Ford,FIESTA,2010,184000,Essence,Manuelle,5.0,Occasion,24000
Fiat,FIORINO,2021,180000,Diesel,Manuelle,5.0,Occasion,33000
Peugeot,3008,2017,248000,Diesel,Automatique,8.0,Occasion,69500
Renault,Captur,2015,58000,Essence,Manuelle,6.0,Occasion,42000
Hyundai,I10,2022,53600,Essence,Manuelle,4.0,Occasion,39900
Citroen,BERLINGO,2022,100000,Diesel,Manuelle,5.0,Occasion,50000
Mercedes,Classe Clk,2003,296,Essence,Automatique,10.0,Occasion,29000
Kia,RIO,2022,71600,Essence,Manuelle,5.0,Occasion,62000
Kia,RIO,2011,58857,Diesel,Manuelle,6.0,Occasion,18500
Fiat,PUNTO,1997,200000,Essence,Manuelle,4.0,Occasion,10500
Mahindra,KUV 100,2020,81500,Essence,Manuelle,5.0,Occasion,31500
Renault,Clio,2005,245,Diesel,Manuelle,4.0,Occasion,18000
Volkswagen,Polo,2017,60000,Essence,Manuelle,5.0,Occasion,53000
Volkswagen,Jetta,2011,500,Essence,Manuelle,7.0,Occasion,29000
Ssangyong,Korando,2014,202,Diesel,Manuelle,11.0,Occasion,32000
Renault,Clio,2023,50,Essence,Manuelle,4.0,Occasion,35000
Kia,SPORTAGE,2015,180000,Essence,Automatique,10.0,Occasion,70000
Citroen,C3,2019,100000,Essence,Manuelle,4.0,Occasion,40000
Seat,Leon,2018,242000,Essence,Manuelle,6.0,Occasion,53000
Bmw,316,2015,170,Essence,Automatique,7.0,Occasion,65000
Nissan,Juke,2011,294000,Essence,Manuelle,7.0,Occasion,38000
Fiat,PUNTO,2005,185000,Diesel,Manuelle,5.0,Occasion,21000
Kia,SPORTAGE,2020,107000,Essence,Automatique,8.0,Occasion,96000
Bmw,320,2023,49500,Hybride,Automatique,9.0,Occasion,190000
Peugeot,Partner,2017,244000,Diesel,Manuelle,5.0,Occasion,45000
Audi,A4,2010,230,Essence,Manuelle,10.0,Occasion,32000
Volkswagen,Golf 7,2013,270,Diesel,Manuelle,5.0,Occasion,55000
Fiat,DOBLO,2021,170000,Diesel,Manuelle,6.0,Occasion,49000
Citroen,BERLINGO,2015,295999,Diesel,Manuelle,5.0,Occasion,31500
Citroen,C3,2016,108000,Essence,Manuelle,5.0,Occasion,27000
Dacia,DUSTER,2012,212000,Diesel,Manuelle,5.0,Occasion,39000
Mahindra,XUV 300,2023,16000,Essence,Manuelle,6.0,Occasion,57000
Peugeot,206,2010,250000,Essence,Manuelle,5.0,Occasion,17000
Renault,Clio,2021,84000,Essence,Manuelle,4.0,Occasion,48500
Geely,LC,2022,49000,Essence,Manuelle,5.0,Occasion,56000
Volkswagen,Golf,2010,209000,Essence,Automatique,7.0,Occasion,40000
Citroen,BERLINGO,2009,241000,Essence,Manuelle,6.0,Occasion,10000
Nissan,Micra,2017,75000,Essence,Manuelle,5.0,Occasion,28000
Fiat,GRANDE PUNTO,2009,202000,Essence,Manuelle,5.0,Occasion,21500
Peugeot,3008,2019,104841,Essence,Automatique,9.0,Occasion,68500
Hyundai,I20,2022,60000,Essence,Manuelle,5.0,Occasion,61500
Fiat,FIORINO,2017,232000,Diesel,Manuelle,5.0,Occasion,34000
Fiat,PUNTO EVO,2012,180000,Essence,Manuelle,4.0,Occasion,23000
Seat,Ibiza,2023,55000,Essence,Automatique,6.0,Occasion,72000
Skoda,Autres,2023,33000,Essence,Automatique,7.0,Occasion,790000
Renault,Kadjar,2019,82000,Essence,Manuelle,7.0,Occasion,61000
Renault,Scenic,2004,58857,Diesel,Manuelle,6.0,Occasion,15000
Chery,Tiggo,2020,190000,Essence,Manuelle,6.0,Occasion,34000
Peugeot,307,2007,380,Essence,Manuelle,6.0,Occasion,20000
Peugeot,208,2016,150,Essence,Manuelle,5.0,Occasion,38859
Mercedes,Classe E,2011,251000,Diesel,Automatique,8.0,Occasion,60000
Volkswagen,Caddy,2020,222,Diesel,Manuelle,7.0,Occasion,34737
Renault,Trafic,2001,600,Diesel,Manuelle,10.0,Occasion,8000
Mercedes,GLC,2020,116000,Diesel,Automatique,11.0,Occasion,185000
Mahindra,KUV 100,2021,76000,Essence,Manuelle,5.0,Occasion,31000
Jeep,RENEGADE,2022,30128,Essence,Automatique,8.0,Occasion,89000
Honda,ACTY,2018,190000,Essence,Automatique,7.0,Occasion,41000
Bmw,116,2020,190,Essence,Manuelle,7.0,Occasion,80000
Opel,Corsa,2014,105492,Essence,Manuelle,5.0,Occasion,30500
Opel,Astra,2011,165000,Essence,Manuelle,6.0,Occasion,35500
Fiat,SCUDO,2004,58857,Diesel,Manuelle,7.0,Occasion,17000
Mitsubishi,Autres,2005,750000,Diesel,Manuelle,11.0,Occasion,31500
Peugeot,208,2017,129000,Essence,Manuelle,4.0,Occasion,27000
Ford,FIESTA,2019,130000,Essence,Manuelle,4.0,Occasion,36000
Mercedes,Classe A,2014,163000,Essence,Manuelle,6.0,Occasion,68000
Nissan,Qashqai,2008,280000,Essence,Automatique,9.0,Occasion,30000
Bmw,SERIE 5,2014,291370,Diesel,Automatique,10.0,Occasion,68000
Bmw,X1,2021,66000,Hybride,Automatique,6.0,Occasion,98833
Mercedes,Classe C,2009,220,Essence,Manuelle,9.0,Occasion,10000
Renault,Clio,2009,185,Essence,Manuelle,5.0,Occasion,29800
Peugeot,107,2009,20000,Essence,Automatique,4.0,Occasion,24000
Renault,Clio,2022,130000,Essence,Manuelle,5.0,Occasion,40000
Fiat,UNO,1995,260,Essence,Manuelle,5.0,Occasion,7000
Kia,RIO,2021,93000,Essence,Manuelle,5.0,Occasion,63000
Mercedes,200,2010,300000,Diesel,Automatique,9.0,Occasion,55000
Volkswagen,Polo,2009,243000,Essence,Manuelle,5.0,Occasion,19000
Ford,FIESTA,2015,158000,Essence,Manuelle,5.0,Occasion,33800
Peugeot,2008,2017,123000,Essence,Manuelle,5.0,Occasion,45000
Renault,Megane,2011,180000,Essence,Automatique,7.0,Occasion,26000
Volkswagen,Tiguan,2021,108,Essence,Automatique,8.0,Occasion,93448
Audi,80,1991,600000,Diesel,Manuelle,4.0,Occasion,10250
MG,MG RX8,2020,102,Essence,Automatique,7.0,Occasion,62500
Toyota,Corolla,2020,123000,Essence,Automatique,6.0,Occasion,70000
Fiat,500,2020,76000,Hybride,Manuelle,4.0,Occasion,56000
Suzuki,Autres,2022,65,Essence,Manuelle,4.0,Occasion,36000
Mercedes,Classe C,2013,285000,Essence,Manuelle,9.0,Occasion,56000
Fiat,FIORINO,2022,32000,Diesel,Manuelle,5.0,Occasion,40000
Peugeot,Partner,2014,1000,Essence,Manuelle,6.0,Occasion,19500
Peugeot,3008,2011,230000,Essence,Automatique,7.0,Occasion,38000
Mercedes,Autres,2020,70000,Essence,Automatique,9.0,Occasion,160000
Chery,Tiggo,2025,7600,Essence,Automatique,9.0,Occasion,80000
Hyundai,I20,2013,220000,Essence,Manuelle,4.0,Occasion,28500
Renault,Autres,2023,11800,Essence,Manuelle,4.0,Occasion,37500
Seat,Ibiza,2018,200000,Essence,Manuelle,4.0,Occasion,39000
Citroen,C3,2009,150000,Essence,Manuelle,4.0,Occasion,21000
Ssangyong,Tivoli,2020,115,Essence,Manuelle,7.0,Occasion,69000
Volkswagen,Polo,1995,111111,Essence,Manuelle,5.0,Occasion,11500
Citroen,DS5,2015,152000,Essence,Automatique,9.0,Occasion,42000
Dacia,DOKKER,2019,223000,Diesel,Manuelle,6.0,Occasion,32000
Renault,Autres,2022,48000,Essence,Manuelle,4.0,Occasion,36000
Nissan,Qashqai,2014,156,Essence,Manuelle,7.0,Occasion,45000
Ford,FOCUS,2016,98000,Essence,Manuelle,8.0,Occasion,38000
Kia,RIO,2010,319000,Essence,Manuelle,6.0,Occasion,27000
Renault,Autres,1993,1234,Diesel,Manuelle,6.0,Occasion,12000
Volkswagen,Polo,2012,226000,Essence,Manuelle,5.0,Occasion,28500
Chery,Tiggo,2020,73000,Essence,Manuelle,6.0,Occasion,45000
Volkswagen,Golf,2012,230000,Essence,Manuelle,5.0,Occasion,20000
Ssangyong,Tivoli,2017,220000,Essence,Automatique,8.0,Occasion,48000
Kia,RIO,2020,50000,Essence,Manuelle,5.0,Occasion,49500
Bmw,116,2011,225,Essence,Manuelle,7.0,Occasion,42000
Citroen,C3,2009,157000,Essence,Manuelle,4.0,Occasion,21000
Peugeot,205,1995,3000,Diesel,Manuelle,5.0,Occasion,7000
Suzuki,Celerio,2020,55000,Essence,Automatique,4.0,Occasion,37500
Kia,RIO,2013,157,Essence,Manuelle,5.0,Occasion,38500
Renault,Clio,2005,326,Diesel,Manuelle,5.0,Occasion,17000
Peugeot,308,2021,120,Diesel,Manuelle,7.0,Occasion,51000
Peugeot,208,2018,71000,Essence,Manuelle,5.0,Occasion,39000
Chery,A3,2016,190000,Essence,Manuelle,7.0,Occasion,30000
Renault,Clio,2015,113000,Essence,Manuelle,4.0,Occasion,35000
Kia,CERATO,2013,179300,Essence,Automatique,8.0,Occasion,36000
Peugeot,306,1999,425000,Diesel,Manuelle,6.0,Occasion,11000
Seat,Leon,2014,183000,Essence,Manuelle,5.0,Occasion,42500
Suzuki,Celerio,2020,126,Essence,Manuelle,4.0,Occasion,30000
Peugeot,309,1991,300000,Essence,Manuelle,4.0,Occasion,7000
Opel,Corsa,2009,240,Essence,Manuelle,5.0,Occasion,23500
Alfa romeo,MITO,2016,136,Essence,Manuelle,5.0,Occasion,34000
Opel,Crossland X,2022,40000,Essence,Manuelle,5.0,Occasion,53000
Citroen,C4,2012,58857,Essence,Manuelle,6.0,Occasion,29000
Toyota,Yaris,2012,97000,Essence,Manuelle,4.0,Occasion,31000
Peugeot,3008,2012,228,Essence,Automatique,7.0,Occasion,38000
Mitsubishi,Colt,2008,244000,Diesel,Manuelle,5.0,Occasion,14800
Fiat,AUTRE,2005,217230,Essence,Manuelle,5.0,Occasion,18500
Mercedes,Classe M,2007,283,Diesel,Automatique,15.0,Occasion,62000
Peugeot,208,2016,180000,Essence,Manuelle,5.0,Occasion,28500
Mahindra,KUV 100,2021,48880,Essence,Manuelle,5.0,Occasion,32000
Peugeot,208,2020,70000,Essence,Manuelle,4.0,Occasion,30000
Chery,QQ,2021,63000,Essence,Manuelle,4.0,Occasion,20564
Nissan,Qashqai,2017,93000,Essence,Automatique,6.0,Occasion,58000
Fiat,PANDA,2020,84000,Essence,Automatique,4.0,Occasion,40000
Renault,Clio,2021,130,Essence,Manuelle,4.0,Occasion,39000
Mitsubishi,Autres,2022,63000,Essence,Manuelle,4.0,Occasion,36000
Citroen,BERLINGO,2015,495,Diesel,Manuelle,5.0,Occasion,32000
Seat,Ibiza,2020,105,Essence,Manuelle,4.0,Occasion,42000
Peugeot,308,2010,235,Essence,Manuelle,6.0,Occasion,27000
Seat,Autres,2021,50000,Hybride,Automatique,8.0,Occasion,120000
Kia,PICANTO,2021,67000,Essence,Manuelle,5.0,Occasion,48000
Renault,Clio,2021,130,Essence,Manuelle,4.0,Occasion,39000
Volkswagen,Golf 8,2021,97000,Essence,Automatique,6.0,Occasion,76000
Chevrolet,AVEO,2012,100,Essence,Manuelle,5.0,Occasion,22000
Opel,Vectra,2001,213000,Diesel,Manuelle,7.0,Occasion,18000
Renault,Autres,2000,250000,Diesel,Manuelle,7.0,Occasion,17000
Peugeot,Autres,2018,190000,Diesel,Automatique,8.0,Occasion,68000
Peugeot,Partner,2006,281000,Diesel,Manuelle,7.0,Occasion,18000
Renault,Megane,2006,370000,Diesel,Manuelle,5.0,Occasion,15000
Renault,Megane,1998,380000,Essence,Manuelle,7.0,Occasion,11300
Mega,AUTRE,2021,66000,Essence,Automatique,6.0,Occasion,54500
Dacia,DOKKER,2020,150,Diesel,Manuelle,6.0,Occasion,30000
Chery,Tiggo,2020,78800,Essence,Manuelle,6.0,Occasion,40000
Fiat,PUNTO,2008,111111,Essence,Manuelle,5.0,Occasion,240000
Toyota,Autres,2008,450,Diesel,Manuelle,9.0,Occasion,78000
Renault,Captur,2018,82000,Essence,Manuelle,5.0,Occasion,54000
Nissan,Juke,2014,210000,Diesel,Manuelle,5.0,Occasion,47500
Renault,Express,2022,33000,Diesel,Manuelle,6.0,Occasion,43000
Peugeot,206,2003,300,Essence,Manuelle,4.0,Occasion,16000
Kia,RIO,2020,76,Essence,Manuelle,5.0,Occasion,57000
Peugeot,508,2013,220000,Diesel,Manuelle,7.0,Occasion,48000
Peugeot,308,2019,144355,Diesel,Manuelle,6.0,Occasion,50500
Kia,SPORTAGE,2022,2366,Essence,Manuelle,8.0,Occasion,100000
Volkswagen,Polo,2001,250000,Essence,Manuelle,4.0,Occasion,16500
Volkswagen,Polo,2008,336,Essence,Manuelle,5.0,Occasion,20000
Renault,Twingo,2017,133,Essence,Manuelle,5.0,Occasion,23500
Dacia,DOKKER,2019,218000,Diesel,Manuelle,6.0,Occasion,30000
Citroen,C3,2009,157000,Essence,Manuelle,4.0,Occasion,20000
Nissan,Juke,2013,166000,Diesel,Manuelle,6.0,Occasion,50000
Renault,Captur,2016,230000,Essence,Manuelle,6.0,Occasion,36000
Chery,QQ,2019,67000,Essence,Manuelle,4.0,Occasion,22000
Ford,FIESTA,2013,228000,Essence,Manuelle,5.0,Occasion,23000
Volkswagen,Passat,2015,180,Essence,Manuelle,7.0,Occasion,46000
Nissan,Qashqai,2018,163000,Diesel,Manuelle,7.0,Occasion,69500
Audi,A4,2003,262000,Essence,Manuelle,7.0,Occasion,20000
Fiat,TIPO,2020,92000,Essence,Manuelle,6.0,Occasion,42000
Fiat,DOBLO,2009,130,Diesel,Manuelle,9.0,Occasion,19000
Citroen,C4 CACTUS,2018,116,Essence,Manuelle,5.0,Occasion,39000
Volkswagen,Golf,2013,325000,Essence,Manuelle,5.0,Occasion,45000
Skoda,Autres,2024,22000,Essence,Automatique,7.0,Occasion,87999
MG,MG 5,2024,19000,Essence,Automatique,10.0,Occasion,96000
Suzuki,Celerio,2024,37000,Essence,Manuelle,4.0,Occasion,37000
Audi,A5,2018,156000,Essence,Automatique,8.0,Occasion,100000
Fiat,PUNTO,2012,350000,Essence,Manuelle,5.0,Occasion,19000
Fiat,FIORINO QUBO,2009,25000,Diesel,Manuelle,5.0,Occasion,26000
Peugeot,Autres,2017,450000,Diesel,Manuelle,5.0,Occasion,8000
Opel,Astra,2004,340,Diesel,Manuelle,5.0,Occasion,22000
Toyota,Yaris,2021,86000,Essence,Manuelle,6.0,Occasion,63000
Volkswagen,Polo,2010,263860,Essence,Manuelle,4.0,Occasion,24600
Citroen,C3,2019,70000,Diesel,Manuelle,5.0,Occasion,45269
Peugeot,206,2004,276000,Essence,Manuelle,4.0,Occasion,14500
Renault,Clio,2004,112,Essence,Manuelle,4.0,Occasion,22000
Hyundai,I10,2021,43500,Essence,Manuelle,4.0,Occasion,41000
Geely,GK-GL,2018,190000,Diesel,Manuelle,7.0,Occasion,47500
Renault,Autres,2010,220000,Essence,Manuelle,5.0,Occasion,25000
Volkswagen,Golf,2019,58857,Essence,Manuelle,7.0,Occasion,65000
Ford,FIESTA,2019,155000,Essence,Manuelle,4.0,Occasion,35500
Mercedes,AMG GT,2017,113000,Essence,Automatique,8.0,Occasion,10000
Peugeot,3008,2016,231000,Essence,Automatique,9.0,Occasion,50000
Land rover,RANGE ROVER SPORT,2016,135000,Diesel,Automatique,20.0,Occasion,187000
Citroen,C4,2018,10000,Essence,Automatique,7.0,Occasion,35000
Datsun,AUTRE,2014,50,Essence,Automatique,20.0,Occasion,120000
Mercedes,Classe E,2009,165000,Essence,Automatique,11.0,Occasion,58000
Fiat,DOBLO,2021,86480,Diesel,Manuelle,5.0,Occasion,38000
Ford,RANGER,2017,135,Diesel,Manuelle,7.0,Occasion,65000
Peugeot,407,2005,277,Essence,Manuelle,9.0,Occasion,20000
Peugeot,5008,2018,110000,Diesel,Manuelle,7.0,Occasion,110000
Peugeot,508,2021,125600,Hybride,Automatique,10.0,Occasion,130000
Peugeot,208,2013,100000,Essence,Manuelle,5.0,Occasion,26000
Fiat,PUNTO,2008,221,Essence,Manuelle,5.0,Occasion,17800
Isuzu,D MAX,2017,25000,Diesel,Manuelle,8.0,Occasion,10000
Opel,Astra,2001,400,Essence,Manuelle,5.0,Occasion,19000
Fiat,AUTRE,2009,70000,Essence,Manuelle,4.0,Occasion,22000
Renault,Captur,2016,230000,Essence,Manuelle,6.0,Occasion,36000
Dacia,LOGAN,2012,271000,Diesel,Manuelle,6.0,Occasion,14900
Citroen,C3 II,2018,195,Essence,Manuelle,4.0,Occasion,36000
Volkswagen,Golf 2,1989,220,Essence,Manuelle,7.0,Occasion,80000
Audi,80,1990,240000,Essence,Manuelle,7.0,Occasion,12000
Fiat,500,2012,202000,Essence,Manuelle,4.0,Occasion,30000
Ds,DS5,2015,213000,Diesel,Manuelle,7.0,Occasion,10000
Hyundai,I20,2022,53000,Essence,Automatique,5.0,Occasion,69000
Kia,RIO,2012,190,Essence,Manuelle,5.0,Occasion,34000
Audi,A4,2014,240000,Essence,Automatique,7.0,Occasion,44000
Volkswagen,Passat CC,2015,230000,Essence,Automatique,9.0,Occasion,59000
Audi,A4,2005,250000,Essence,Manuelle,7.0,Occasion,260000
Renault,Captur,2015,183000,Essence,Manuelle,6.0,Occasion,36500
MG,MG 5,2017,92000,Essence,Manuelle,6.0,Occasion,39000
Volkswagen,Tiguan,2015,68000,Essence,Automatique,9.0,Occasion,75000
Peugeot,208,2016,150000,Essence,Manuelle,5.0,Occasion,28000
Fiat,PANDA,2009,252000,Essence,Manuelle,4.0,Occasion,23000
Ford,FIESTA,2014,156000,Essence,Manuelle,5.0,Occasion,31500
Kia,RIO,2011,230,Essence,Manuelle,6.0,Occasion,24000
Kia,CERATO,2011,230,Essence,Automatique,7.0,Occasion,32000
Honda,CIVIC,2018,41400,Essence,Manuelle,8.0,Occasion,73000
Jeep,RENEGADE,2020,75000,Essence,Automatique,8.0,Occasion,100000
Renault,Megane,2007,251000,Diesel,Manuelle,6.0,Occasion,22500
Mercedes,Classe E,2010,310000,Diesel,Manuelle,7.0,Occasion,64000
Volkswagen,Polo,2004,345,Essence,Manuelle,4.0,Occasion,15500
Citroen,C4 CACTUS,2018,80,Essence,Manuelle,5.0,Occasion,39000
Citroen,SAXO,1999,300,Essence,Manuelle,5.0,Occasion,11500
Renault,Megane,2020,186000,Diesel,Automatique,6.0,Occasion,58500
Mazda,MAZDA2,2005,236000,Diesel,Manuelle,4.0,Occasion,13649
Iveco,DAILY,2023,93000,Diesel,Manuelle,10.0,Occasion,40000
Peugeot,Autres,2022,160,Diesel,Manuelle,6.0,Occasion,80000
Toyota,RAV4,1999,195,Essence,Manuelle,9.0,Occasion,25000
Mercedes,Classe C,2019,150000,Diesel,Manuelle,7.0,Occasion,120000
Nissan,Qashqai,2019,100,Essence,Automatique,6.0,Occasion,65000
Fiat,GRANDE PUNTO,2013,140000,Essence,Manuelle,4.0,Occasion,28800
Citroen,AUTRE,2013,181000,Essence,Manuelle,4.0,Occasion,28000
Mahindra,KUV 100,2019,166,Essence,Manuelle,5.0,Occasion,26000
Renault,Megane,2009,185000,Diesel,Manuelle,5.0,Occasion,28900
Peugeot,205,1999,330000,Essence,Manuelle,4.0,Occasion,6500
Mahindra,KUV 100,2021,37000,Essence,Manuelle,5.0,Occasion,37000
Audi,A4,2014,210000,Essence,Automatique,7.0,Occasion,51000
Mahindra,KUV 100,2019,125000,Essence,Manuelle,5.0,Occasion,27500
Dacia,DOKKER,2016,340000,Diesel,Manuelle,6.0,Occasion,24000
Bmw,118,2012,137000,Diesel,Automatique,11.0,Occasion,80000
Audi,A3 SPORTBACK,2011,259000,Diesel,Manuelle,7.0,Occasion,43900
Ford,KA,2015,176000,Essence,Manuelle,4.0,Occasion,24500
Renault,Scenic,2012,158000,Essence,Manuelle,6.0,Occasion,37000
Ford,FIESTA,2006,231000,Essence,Manuelle,5.0,Occasion,21500
MG,MG 5,2022,50000,Essence,Manuelle,5.0,Occasion,52000
Ford,MONDEO,2007,144,Diesel,Manuelle,7.0,Occasion,43000
Toyota,RAV4,2019,180000,Essence,Automatique,9.0,Occasion,50000
Mercedes,GLC,2022,50000,Diesel,Automatique,11.0,Occasion,250000
Citroen,AUTRE,2019,164,Essence,Manuelle,5.0,Occasion,30000
Audi,A4,2010,234000,Essence,Manuelle,7.0,Occasion,39500
Kia,RIO,2011,213,Essence,Manuelle,6.0,Occasion,22000
Peugeot,2008,2014,203000,Essence,Manuelle,5.0,Occasion,37500
Dacia,DUSTER,2015,200,Diesel,Manuelle,6.0,Occasion,60000
Kia,PICANTO,2011,197,Essence,Manuelle,4.0,Occasion,23000
Mitsubishi,Pajero,1999,520,Diesel,Manuelle,9.0,Occasion,38000
Kia,AUTRE,2021,96000,Essence,Automatique,8.0,Occasion,90000
Bmw,SERIE 5,1997,270000,Essence,Manuelle,10.0,Occasion,17000
Jeep,COMPASS,2012,155000,Diesel,Manuelle,10.0,Occasion,65000
Hyundai,IX35,2012,225000,Diesel,Manuelle,6.0,Occasion,45000
Mazda,MAZDA6,2017,173,Essence,Manuelle,8.0,Occasion,45000
Nissan,Qashqai,2015,126000,Essence,Automatique,6.0,Occasion,58000
Isuzu,AUTRE,2025,1000,Diesel,Manuelle,9.0,Occasion,20000
Peugeot,206,2008,165416,Essence,Manuelle,6.0,Occasion,22000
Citroen,C4 II,2014,156000,Essence,Manuelle,6.0,Occasion,32000
Toyota,Corolla,1998,370,Essence,Manuelle,4.0,Occasion,14000
Citroen,C5,2011,210000,Essence,Automatique,9.0,Occasion,29500
Chery,Tiggo,2022,29000,Essence,Automatique,6.0,Occasion,52000
Hyundai,I10,2022,66000,Essence,Manuelle,5.0,Occasion,44000
Kia,PICANTO,2023,46000,Essence,Manuelle,4.0,Occasion,41000
Volkswagen,Golf,2018,177000,Essence,Automatique,6.0,Occasion,59000
Isuzu,D MAX,2025,58857,Diesel,Manuelle,10.0,Occasion,115000
Mercedes,Classe Cla,2016,224000,Diesel,Manuelle,5.0,Occasion,90000
Audi,A3,2018,252,Essence,Manuelle,6.0,Occasion,59000
Toyota,Hiace,2024,2600,Diesel,Manuelle,11.0,Occasion,24000
Fiat,PALIO WEEKEND,2007,270000,Essence,Manuelle,4.0,Occasion,16200
Citroen,DS4,2012,196952,Diesel,Manuelle,6.0,Occasion,25000
Citroen,C3,2019,105000,Essence,Automatique,6.0,Occasion,38000
Mitsubishi,Montero,2002,116000,Essence,Automatique,16.0,Occasion,30000
Volkswagen,Scirocco,2010,287000,Essence,Automatique,9.0,Occasion,31000
Volkswagen,Golf 7,2021,78000,Essence,Automatique,6.0,Occasion,68000
Volkswagen,Golf,2008,320,Diesel,Manuelle,6.0,Occasion,27600
Suzuki,Swift,2022,112000,Essence,Manuelle,5.0,Occasion,35000
Renault,Scenic,2005,217,Diesel,Manuelle,7.0,Occasion,26000
Kia,RIO,2015,190000,Essence,Manuelle,5.0,Occasion,38000
Hyundai,I10,2023,17000,Essence,Manuelle,5.0,Occasion,49000
Volkswagen,Golf,2011,267000,Essence,Manuelle,7.0,Occasion,37000
Seat,Ibiza,2019,255,Essence,Manuelle,4.0,Occasion,48000
Peugeot,208,2012,160,Essence,Manuelle,4.0,Occasion,25000
Hyundai,I10,2017,146000,Essence,Manuelle,5.0,Occasion,30000
Peugeot,106,1997,300,Essence,Manuelle,4.0,Occasion,12000
Fiat,UNO,2005,10,Diesel,Manuelle,5.0,Occasion,11000
Audi,Q5,2010,350000,Diesel,Automatique,10.0,Occasion,75000
Chery,Tiggo,2020,145000,Essence,Manuelle,6.0,Occasion,42500
Renault,Autres,2003,245000,Essence,Manuelle,7.0,Occasion,18300
Mahindra,KUV 100,2022,60000,Essence,Manuelle,5.0,Occasion,33000
Renault,Megane,2013,154157,Essence,Manuelle,6.0,Occasion,39000
MG,MG 5,2022,75000,Hybride,Automatique,8.0,Occasion,97000
Ford,FIESTA,2016,162,Essence,Manuelle,5.0,Occasion,31000
Suzuki,Celerio,2020,90,Essence,Manuelle,4.0,Occasion,29990
Hyundai,AUTRE,2020,60000,Essence,Manuelle,7.0,Occasion,77000
Volkswagen,Golf 6,2010,100,Diesel,Manuelle,5.0,Occasion,40000
Fiat,TIPO,2020,101500,Essence,Manuelle,5.0,Occasion,44500
Geely,MK-GL,2019,54500,Essence,Manuelle,6.0,Occasion,42000
Volkswagen,Caddy,2021,200,Diesel,Manuelle,6.0,Occasion,79000
Hyundai,SONATA,2010,144000,Essence,Automatique,11.0,Occasion,55000
Seat,Leon,2019,113000,Essence,Manuelle,6.0,Occasion,55000
Mercedes,Classe Cla,2017,164000,Diesel,Manuelle,7.0,Occasion,72000
Jeep,RENEGADE,2018,200,Essence,Automatique,8.0,Occasion,75000
Peugeot,407,2006,260,Essence,Manuelle,9.0,Occasion,17000
Bmw,118,2010,289,Diesel,Manuelle,7.0,Occasion,32500
Mercedes,Classe A,1998,300000,Essence,Manuelle,7.0,Occasion,16000
Renault,Megane,2020,75000,Diesel,Automatique,11.0,Occasion,110000
Mercedes,Classe C,2004,226,Essence,Manuelle,12.0,Occasion,25000
Volkswagen,Polo,2016,220000,Essence,Manuelle,4.0,Occasion,35000
Citroen,C3,2008,277,Essence,Manuelle,4.0,Occasion,20000
Audi,A4,2012,207000,Essence,Manuelle,7.0,Occasion,39000
Peugeot,407,2006,404,Diesel,Manuelle,6.0,Occasion,23000
Mahindra,KUV 100,2020,28000,Essence,Manuelle,5.0,Occasion,35000
Toyota,Yaris,2013,250000,Essence,Manuelle,5.0,Occasion,31000
Kia,SPORTAGE,2011,240000,Diesel,Automatique,11.0,Occasion,50000
Mahindra,KUV 100,2023,106000,Essence,Manuelle,5.0,Occasion,25500
Ford,FIESTA,2010,247,Essence,Manuelle,5.0,Occasion,25500
Kia,SPORTAGE,2019,30000,Diesel,Automatique,8.0,Occasion,112000
Suzuki,Baleno,2018,112000,Essence,Automatique,5.0,Occasion,39000
Ford,AUTRE,2013,203000,Essence,Manuelle,5.0,Occasion,23000
Dacia,SANDERO,2023,19000,Essence,Automatique,6.0,Occasion,62000
Citroen,C3,2021,140000,Diesel,Manuelle,5.0,Occasion,55000
Alfa romeo,MITO,2010,162000,Essence,Manuelle,5.0,Occasion,26500
Volkswagen,Golf,2015,250,Diesel,Manuelle,7.0,Occasion,60000
Peugeot,308,2011,183000,Diesel,Manuelle,6.0,Occasion,32000
Kia,PICANTO,2020,53000,Essence,Manuelle,4.0,Occasion,38000
Toyota,Hiace,2014,728000,Diesel,Manuelle,8.0,Occasion,35800
Land rover,EVOQUE,2021,15000,Diesel,Manuelle,8.0,Occasion,200000
Kia,SPORTAGE,2020,65000,Essence,Automatique,7.0,Occasion,98000
Kia,SPORTAGE,2022,2366,Essence,Manuelle,8.0,Occasion,150000
Fiat,500,2022,70000,Essence,Manuelle,4.0,Occasion,47000
Volkswagen,Golf 6,2011,229,Essence,Manuelle,5.0,Occasion,41500
Ford,MUSTANG,2023,30000,Electrique,Automatique,6.0,Occasion,185000
Peugeot,Expert,2021,174000,Diesel,Manuelle,7.0,Occasion,58000
Citroen,C4 PICASSO II,2014,230000,Diesel,Manuelle,6.0,Occasion,65000
Suzuki,Swift,2019,178000,Essence,Manuelle,5.0,Occasion,33000
Volkswagen,Polo,2004,200,Essence,Manuelle,4.0,Occasion,19500
Toyota,Yaris,2015,197000,Essence,Manuelle,5.0,Occasion,34000
Renault,Autres,2016,268000,Essence,Manuelle,5.0,Occasion,6660
Skoda,Fabia,2021,80000,Essence,Manuelle,4.0,Occasion,43000
Ford,FIESTA,2019,151000,Essence,Manuelle,4.0,Occasion,38000
Renault,Clio,2021,80,Diesel,Manuelle,5.0,Occasion,47500
Chevrolet,CRUZE,2014,125000,Essence,Manuelle,7.0,Occasion,33000
Volkswagen,Passat,2014,152650,Diesel,Manuelle,5.0,Occasion,60000
Citroen,C15,1992,25,Diesel,Manuelle,6.0,Occasion,6000
Volkswagen,Amarok,2012,292000,Diesel,Manuelle,8.0,Occasion,55000
Renault,Clio,2004,200000,Essence,Manuelle,5.0,Occasion,17000
Renault,Clio,2007,204000,Essence,Manuelle,5.0,Occasion,29000
Mazda,BT 50,1999,456666,Diesel,Manuelle,10.0,Occasion,10000
Ford,FOCUS,2017,240000,Essence,Manuelle,6.0,Occasion,37000
Fiat,GRANDE PUNTO,2012,276,Essence,Manuelle,5.0,Occasion,24500
Volkswagen,Caddy,2000,400,Diesel,Manuelle,8.0,Occasion,12300
Renault,Trafic,2021,140000,Diesel,Manuelle,6.0,Occasion,74000
Renault,Megane,2005,365,Essence,Manuelle,6.0,Occasion,17000
Chery,Tiggo,2020,60000,Essence,Manuelle,6.0,Occasion,40500
Opel,Corsa,1999,250,Essence,Manuelle,4.0,Occasion,10500
Peugeot,3008,2012,202000,Diesel,Manuelle,6.0,Occasion,43000
Seat,Leon,2015,153000,Essence,Manuelle,6.0,Occasion,42500
Volkswagen,Passat,2020,90000,Hybride,Automatique,8.0,Occasion,120000
Bmw,320,2023,49000,Hybride,Automatique,9.0,Occasion,55000
Volkswagen,Passat,2005,280,Essence,Manuelle,7.0,Occasion,25000
Nissan,Micra,2018,108000,Essence,Manuelle,5.0,Occasion,32000
Isuzu,D MAX,2025,58857,Diesel,Manuelle,8.0,Occasion,71852
Bmw,116,2010,228,Diesel,Manuelle,6.0,Occasion,34800
Ssangyong,Tivoli,2022,75000,Essence,Manuelle,6.0,Occasion,69000
Peugeot,208,2019,135,Essence,Manuelle,4.0,Occasion,31000
Hyundai,GALLOPER,1997,58857,Diesel,Manuelle,10.0,Occasion,35000
Peugeot,2008,2024,9000,Essence,Automatique,7.0,Occasion,84000
Fiat,DOBLO CARGO,2016,334,Diesel,Manuelle,5.0,Occasion,17500
Citroen,AX,1989,300000,Essence,Manuelle,4.0,Occasion,5300
Peugeot,208,2014,192000,Essence,Manuelle,5.0,Occasion,25000
Opel,Kadett,1986,200000,Essence,Manuelle,6.0,Occasion,6300
Hyundai,VELOSTER,2017,127,Essence,Automatique,8.0,Occasion,55000
Peugeot,508,2021,190000,Diesel,Automatique,7.0,Occasion,130000
Peugeot,Autres,2017,129000,Essence,Manuelle,5.0,Occasion,27500
Seat,Ibiza,2016,130000,Essence,Manuelle,4.0,Occasion,33000
Peugeot,206,2008,225000,Essence,Manuelle,6.0,Occasion,19000
Kia,RIO,2019,150000,Essence,Manuelle,5.0,Occasion,46000
Mazda,MAZDA2,2016,220000,Essence,Manuelle,6.0,Occasion,31000
Jeep,COMPASS,2020,135000,Diesel,Manuelle,6.0,Occasion,119000
Volkswagen,Passat,2013,236000,Diesel,Manuelle,7.0,Occasion,42000
Mahindra,KUV 100,2018,87000,Essence,Manuelle,5.0,Occasion,27000
Peugeot,Partner,2003,58857,Essence,Manuelle,6.0,Occasion,22000
Kia,SPORTAGE,2021,73300,Essence,Automatique,14.0,Occasion,110000
Chevrolet,AVEO,2015,133000,Essence,Manuelle,5.0,Occasion,25000
Kia,SPORTAGE,2020,102000,Essence,Automatique,8.0,Occasion,100300
Hyundai,I10,2015,164000,Essence,Manuelle,5.0,Occasion,28000
Mitsubishi,Colt,2008,245000,Diesel,Manuelle,4.0,Occasion,14800
Kia,PICANTO,2021,58200,Essence,Manuelle,4.0,Occasion,40200
Ford,FIESTA,2004,150,Essence,Manuelle,5.0,Occasion,18000
Kia,SPORTAGE,2017,111000,Essence,Automatique,8.0,Occasion,73000
Chevrolet,AVEO,2011,220000,Essence,Manuelle,5.0,Occasion,19700
Peugeot,308,2016,150000,Diesel,Manuelle,6.0,Occasion,46000
Ford,FIESTA,2016,98000,Essence,Manuelle,5.0,Occasion,38000
Toyota,Corolla,2021,120,Essence,Automatique,6.0,Occasion,63000
Citroen,JUMPY,2015,442000,Diesel,Manuelle,5.0,Occasion,25000
Kia,PICANTO,2021,59000,Essence,Manuelle,4.0,Occasion,40000
Audi,A4,2006,230000,Diesel,Manuelle,7.0,Occasion,30000
Suzuki,Celerio,2024,20000,Essence,Automatique,4.0,Occasion,49500
Geely,MK-GS,2018,89012,Essence,Manuelle,6.0,Occasion,42000
Citroen,C4 PICASSO,2009,318000,Diesel,Automatique,6.0,Occasion,24000
Chevrolet,AVEO,2010,300000,Essence,Manuelle,5.0,Occasion,15000
Renault,Megane,2011,54000,Essence,Manuelle,7.0,Occasion,36000
Nissan,Qashqai,2015,111000,Essence,Automatique,6.0,Occasion,50000
Honda,CIVIC,2019,54,Essence,Automatique,7.0,Occasion,76000
Kia,SPORTAGE,2020,62000,Essence,Automatique,11.0,Occasion,100000
Citroen,C4 II,2018,111000,Essence,Manuelle,6.0,Occasion,37500
Ford,FOCUS,2012,429,Essence,Manuelle,6.0,Occasion,26000
Fiat,PUNTO,1998,58857,Essence,Manuelle,4.0,Occasion,14500
Peugeot,106,1997,58857,Essence,Manuelle,4.0,Occasion,13500
Fiat,PUNTO,1997,58857,Essence,Manuelle,5.0,Occasion,14500
Bmw,316,2004,225000,Essence,Manuelle,7.0,Occasion,28000
Renault,Clio,2021,18200,Essence,Manuelle,5.0,Occasion,48000
MG,MG 5,2017,111000,Essence,Manuelle,6.0,Occasion,41500
Fiat,500,2012,202,Essence,Manuelle,4.0,Occasion,30000
Ford,FIESTA,2006,204000,Essence,Manuelle,5.0,Occasion,20500
Chevrolet,CRUZE,2014,125000,Essence,Manuelle,7.0,Occasion,32000
Citroen,C5,2012,315000,Essence,Automatique,7.0,Occasion,32000
MG,MG 5,2022,100,Essence,Automatique,6.0,Occasion,51000
Volkswagen,CC,2019,81000,Essence,Manuelle,6.0,Occasion,82000
Peugeot,206,2001,300000,Diesel,Manuelle,5.0,Occasion,9000
MG,MG RX8,2021,53000,Essence,Manuelle,7.0,Occasion,61000
Bmw,SERIE 1 II,2020,119000,Essence,Automatique,8.0,Occasion,81000
Renault,Autres,2016,370,Essence,Manuelle,5.0,Occasion,22500
Peugeot,5008,2016,250,Diesel,Manuelle,6.0,Occasion,43000
Suzuki,Swift,2017,162,Essence,Manuelle,5.0,Occasion,31500
Bmw,SERIE 4,2015,138000,Essence,Automatique,10.0,Occasion,98000
Chery,QQ,2020,38000,Essence,Manuelle,4.0,Occasion,24900
Fiat,FIORINO,2019,89000,Diesel,Manuelle,5.0,Occasion,31000
Peugeot,207,2012,190000,Essence,Manuelle,5.0,Occasion,28500
Bmw,SERIE 3 VI,2013,148000,Essence,Automatique,7.0,Occasion,61000
MG,MG 5,2022,84000,Hybride,Automatique,8.0,Occasion,97490
Peugeot,Autres,2013,105000,Essence,Manuelle,5.0,Occasion,25000
Suzuki,Swift,2018,170000,Essence,Manuelle,4.0,Occasion,34000
Kia,RIO,2010,3000,Essence,Manuelle,6.0,Occasion,22000
Mahindra,KUV 100,2020,77,Essence,Manuelle,5.0,Occasion,26200
Peugeot,308,2016,145000,Diesel,Manuelle,6.0,Occasion,44000
Volkswagen,Tiguan,2015,128500,Essence,Automatique,9.0,Occasion,75000
Toyota,C-HR,2022,51000,Essence,Automatique,6.0,Occasion,93000
Citroen,JUMPY,2019,5000,Diesel,Manuelle,6.0,Occasion,90000
Peugeot,Autres,2017,116000,Essence,Manuelle,5.0,Occasion,26800
Volkswagen,Tiguan,2018,113,Essence,Automatique,8.0,Occasion,95800
Citroen,C3 II,2012,265000,Essence,Manuelle,5.0,Occasion,25500
MG,MG 5,2017,260000,Essence,Manuelle,6.0,Occasion,30000
Chery,QQ,2021,48000,Essence,Manuelle,4.0,Occasion,24500
Kia,PICANTO,2021,26,Essence,Automatique,4.0,Occasion,48000
Volkswagen,Jetta,2008,272000,Essence,Manuelle,7.0,Occasion,32000
Renault,Autres,2016,370,Essence,Manuelle,5.0,Occasion,22000
Haval,H6,2021,100000,Essence,Automatique,9.0,Occasion,78000
Citroen,C3,2003,207000,Essence,Manuelle,5.0,Occasion,23000
Isuzu,D MAX,2018,150000,Diesel,Manuelle,6.0,Occasion,140000
Citroen,C4,2008,252000,Essence,Automatique,7.0,Occasion,28000
Renault,Megane,2013,200,Diesel,Manuelle,6.0,Occasion,24000
Ford,FIESTA,2016,167000,Essence,Manuelle,5.0,Occasion,36000
Seat,Arona,2019,178000,Essence,Manuelle,6.0,Occasion,47000
Mercedes,Classe A,2020,91000,Hybride,Automatique,8.0,Occasion,115000
Volkswagen,Golf 5,2004,2600,Diesel,Manuelle,6.0,Occasion,27500
Volkswagen,Golf 5,2004,2800,Diesel,Manuelle,6.0,Occasion,27580
Chery,Tiggo,2020,80300,Essence,Automatique,9.0,Occasion,58000
Seat,Leon,2010,300000,Essence,Manuelle,6.0,Occasion,28000
Opel,Zafira,2015,179000,Diesel,Manuelle,7.0,Occasion,60000
Haval,H2,2020,45000,Essence,Manuelle,6.0,Occasion,40000
Citroen,C3,2020,58000,Essence,Manuelle,4.0,Occasion,36500
Audi,A3 SPORTBACK,2008,250,Essence,Manuelle,6.0,Occasion,35000
Renault,Express,1994,500,Essence,Manuelle,7.0,Occasion,12000
Seat,Arona,2022,110,Essence,Manuelle,6.0,Occasion,77000
Kia,SORENTO,2010,207,Diesel,Automatique,12.0,Occasion,52000
Alfa romeo,159,2011,240,Essence,Manuelle,9.0,Occasion,29000
Peugeot,207,2009,200,Diesel,Manuelle,5.0,Occasion,22800
Volkswagen,Tiguan,2022,89280,Hybride,Automatique,8.0,Occasion,145000
Peugeot,206,2000,280,Essence,Manuelle,4.0,Occasion,11900
Chevrolet,AUTRE,2007,220000,Essence,Manuelle,5.0,Occasion,15000
Chevrolet,AVEO,2007,218000,Essence,Manuelle,5.0,Occasion,15000
Citroen,C3,2024,19500,Essence,Manuelle,4.0,Occasion,45000
Volvo,240,2021,77500,Essence,Manuelle,6.0,Occasion,50000
Kia,RIO,2021,34900,Essence,Manuelle,5.0,Occasion,64000
Mazda,MAZDA3,2017,278000,Essence,Manuelle,6.0,Occasion,43000
Peugeot,3008,2022,167000,Diesel,Automatique,7.0,Occasion,87000
Nissan,Patrol,1991,300000,Diesel,Manuelle,17.0,Occasion,10000
Kia,PICANTO,2022,59000,Essence,Manuelle,10.0,Occasion,41000
Nissan,Juke,2014,93000,Essence,Automatique,7.0,Occasion,42000
Citroen,C3,2017,90000,Essence,Manuelle,4.0,Occasion,33000
Mahindra,XUV 300,2023,59300,Essence,Manuelle,6.0,Occasion,42000
Fiat,DOBLO CARGO,2013,400,Diesel,Manuelle,5.0,Occasion,18000
Kia,PICANTO,2015,53000,Essence,Automatique,5.0,Occasion,39000
Ford,FIESTA,2004,190000,Essence,Manuelle,5.0,Occasion,19500
Peugeot,208,2018,44000,Essence,Manuelle,5.0,Occasion,29000
Mercedes,Classe C,2025,40,Hybride,Automatique,9.0,Occasion,80942
Volkswagen,Golf 8,2023,30000,Essence,Manuelle,7.0,Occasion,119000
Chevrolet,AUTRE,2005,200000,Essence,Manuelle,5.0,Occasion,13000
Ford,FIESTA,2008,230000,Essence,Manuelle,5.0,Occasion,23500
Renault,Megane,2005,260000,Diesel,Manuelle,5.0,Occasion,20500
Suzuki,Swift,2021,117000,Essence,Manuelle,5.0,Occasion,38500
Peugeot,308,2014,130000,Essence,Manuelle,5.0,Occasion,38000
Fiat,GRANDE PUNTO,2016,131440,Essence,Manuelle,4.0,Occasion,29000
Renault,Clio,1996,230,Essence,Manuelle,5.0,Occasion,7500
Hyundai,ELANTRA,2012,176000,Essence,Automatique,7.0,Occasion,41000
Renault,Clio,2017,280,Essence,Manuelle,5.0,Occasion,33000
Mercedes,Classe C,2010,180000,Diesel,Automatique,10.0,Occasion,46000
Citroen,C4,2009,400000,Diesel,Manuelle,5.0,Occasion,33000
Citroen,C4,2009,400000,Diesel,Manuelle,5.0,Occasion,40000
Bmw,118,2019,71000,Essence,Automatique,7.0,Occasion,69000
Kia,AUTRE,2021,50,LPG,Automatique,8.0,Occasion,65000
Renault,Autres,2009,280,Essence,Manuelle,7.0,Occasion,25000
Chevrolet,AVEO,2022,84000,Essence,Automatique,6.0,Occasion,10000
Peugeot,208,2013,210000,Essence,Manuelle,4.0,Occasion,24000
Peugeot,407,2004,210000,Essence,Manuelle,6.0,Occasion,21000
Volkswagen,Passat,2009,240000,Diesel,Automatique,8.0,Occasion,45000
Audi,A3,2008,240000,Diesel,Manuelle,6.0,Occasion,60000
Peugeot,308,2017,30000,Essence,Manuelle,5.0,Occasion,42000
Fiat,GRANDE PUNTO,2016,131500,Essence,Manuelle,4.0,Occasion,29000
Fiat,DOBLO,2020,182000,Diesel,Manuelle,5.0,Occasion,34000
Toyota,Autres,2021,170,Diesel,Manuelle,8.0,Occasion,45411
Chery,Tiggo,2017,70000,Essence,Manuelle,6.0,Occasion,40000
Volkswagen,Golf,2013,278,Diesel,Manuelle,5.0,Occasion,46000
Renault,Megane,2005,365000,Essence,Manuelle,6.0,Occasion,16000
Mahindra,KUV 100,2018,99000,Essence,Manuelle,5.0,Occasion,31000
Mercedes,Classe C,2020,50500,Essence,Automatique,10.0,Occasion,163000
Bmw,320,2006,306000,Essence,Manuelle,9.0,Occasion,35000
Honda,CIVIC,2018,47000,Essence,Manuelle,9.0,Occasion,75000
Skoda,Fabia,2024,35000,Essence,Manuelle,4.0,Occasion,50000
Kia,SOUL,2015,163,Essence,Automatique,11.0,Occasion,62000
Porsche,Cayenne,2019,200,Essence,Automatique,20.0,Occasion,122788
Peugeot,2008,2017,87,Diesel,Manuelle,6.0,Occasion,48000
Jaguar,F-PACE,2016,215000,Diesel,Automatique,10.0,Occasion,140000
Opel,Kadett,1986,250000,Essence,Manuelle,6.0,Occasion,6000
Fiat,GRANDE PUNTO,2016,131600,Essence,Manuelle,4.0,Occasion,29000
Ford,FIESTA,2014,260,Essence,Manuelle,5.0,Occasion,30000
Volkswagen,Polo,2005,285000,Essence,Manuelle,5.0,Occasion,19000
Volkswagen,Golf 5,2008,280000,Essence,Manuelle,5.0,Occasion,30000
Alfa romeo,GIULIETTA,2018,94000,Essence,Automatique,9.0,Occasion,55500
Volkswagen,Jetta,2009,400000,Essence,Manuelle,7.0,Occasion,30000
Peugeot,Expert,2020,68000,Diesel,Manuelle,5.0,Occasion,57000
Fiat,PALIO WEEKEND,2000,270000,Essence,Manuelle,4.0,Occasion,12000
Nissan,Micra,2018,100000,Essence,Manuelle,5.0,Occasion,30000
Mercedes,250,1985,400,Diesel,Manuelle,8.0,Occasion,29000
Hyundai,ELANTRA,2015,210000,Essence,Manuelle,7.0,Occasion,37000
Renault,Clio,2009,220000,Essence,Manuelle,4.0,Occasion,21000
Volkswagen,Passat CC,2017,62000,Essence,Manuelle,7.0,Occasion,79000
Audi,A4,2013,250000,Essence,Manuelle,7.0,Occasion,39000
Ds,DS3,2016,93000,Essence,Manuelle,5.0,Occasion,29000
Renault,Captur,2015,125000,Essence,Automatique,6.0,Occasion,46000
Hyundai,I10,2022,51000,Essence,Manuelle,4.0,Occasion,41000
Kia,RIO,2021,118000,Essence,Manuelle,5.0,Occasion,53500
Volkswagen,Passat,2009,345000,Diesel,Manuelle,6.0,Occasion,33000
Toyota,RAV4,2010,110000,Diesel,Manuelle,9.0,Occasion,40000
Peugeot,2008,2020,104,Essence,Manuelle,6.0,Occasion,56000
Citroen,AUTRE,2016,190000,Essence,Manuelle,5.0,Occasion,29000
Mazda,MAZDA3,2017,190000,Essence,Manuelle,6.0,Occasion,49000
Peugeot,207,2009,245000,Essence,Manuelle,5.0,Occasion,23500
Seat,Arona,2020,55000,Essence,Manuelle,6.0,Occasion,68000
Chevrolet,AVEO,2019,70,Essence,Manuelle,5.0,Occasion,39000
Volkswagen,Golf,2013,347000,Essence,Manuelle,5.0,Occasion,39000
Chery,A3,2017,220000,Essence,Manuelle,6.0,Occasion,28500
Peugeot,308,2010,200,Essence,Manuelle,6.0,Occasion,123456
Ford,FOCUS,2016,192000,Essence,Manuelle,6.0,Occasion,40000
Kia,SPORTAGE,2019,96000,Essence,Automatique,8.0,Occasion,95000
Bmw,SERIE 2,2021,57000,Essence,Automatique,8.0,Occasion,110000
Dacia,SANDERO,2021,120000,Essence,Manuelle,5.0,Occasion,36500
Hyundai,I20,2021,1000,Essence,Automatique,5.0,Occasion,56000
Ssangyong,Korando,2014,339000,Diesel,Automatique,11.0,Occasion,42000
Audi,A4,2018,96000,Essence,Automatique,8.0,Occasion,87000
Peugeot,Autres,2018,170000,Essence,Manuelle,5.0,Occasion,24300
Kia,PICANTO,2017,155000,Essence,Manuelle,4.0,Occasion,29500
Nissan,Qashqai,2008,194,Diesel,Automatique,10.0,Occasion,50000
Volkswagen,Tiguan,2015,128500,Essence,Automatique,9.0,Occasion,73000
Dacia,SANDERO,2021,130000,Essence,Manuelle,5.0,Occasion,36000
Volkswagen,Polo,2005,12345,Essence,Manuelle,4.0,Occasion,17500
Peugeot,Partner,2021,149000,Diesel,Manuelle,5.0,Occasion,47900
Isuzu,D MAX,2016,165,Diesel,Manuelle,8.0,Occasion,70000
Ford,FOCUS,2018,143,Essence,Manuelle,6.0,Occasion,43250
Renault,Clio,2024,181000,Essence,Manuelle,4.0,Occasion,32000
Mercedes,Classe A,2010,200000,Essence,Manuelle,6.0,Occasion,28000
Bmw,116,2012,200000,Essence,Manuelle,7.0,Occasion,43000
Renault,Megane,2003,264,Essence,Manuelle,6.0,Occasion,21500
Chery,Tiggo,2023,60000,Essence,Automatique,6.0,Occasion,52000
Renault,Express,2023,46000,Diesel,Manuelle,5.0,Occasion,45000
Mercedes,Classe S,2010,334174,Essence,Automatique,20.0,Occasion,120000
Mercedes,Classe E,2013,317270,Diesel,Automatique,12.0,Occasion,80000
Dacia,DUSTER,2021,177938,Diesel,Manuelle,6.0,Occasion,65000
Dacia,DUSTER,2013,234214,Essence,Manuelle,7.0,Occasion,35000
Hyundai,I10,2019,133,Essence,Manuelle,5.0,Occasion,26500
Isuzu,D MAX,2020,240000,Diesel,Manuelle,10.0,Occasion,65000
Kia,SPORTAGE,2021,102,Diesel,Manuelle,7.0,Occasion,92000
Peugeot,207,2012,191000,Essence,Manuelle,5.0,Occasion,28000
Jeep,GRAND CHEROKEE,2000,325000,Diesel,Automatique,11.0,Occasion,20000
Citroen,BERLINGO II,2020,150,Diesel,Manuelle,5.0,Occasion,50000
Mercedes,Classe B,2007,300000,Essence,Manuelle,6.0,Occasion,27000
Mahindra,XUV 300,2024,61000,Essence,Manuelle,6.0,Occasion,52000
Peugeot,3008,2018,230000,Essence,Automatique,9.0,Occasion,62000
Seat,Leon,2019,190000,Diesel,Manuelle,6.0,Occasion,62000
Kia,RIO,2014,170,Essence,Manuelle,5.0,Occasion,37500
Fiat,FIORINO,2018,150000,Diesel,Manuelle,5.0,Occasion,32000
Volkswagen,Golf 8,2020,127000,Essence,Manuelle,8.0,Occasion,87000
Citroen,AUTRE,2021,159000,Diesel,Manuelle,4.0,Occasion,46500
Citroen,AX,1996,250000,Essence,Manuelle,4.0,Occasion,30000
MG,MG 5,2021,100000,Essence,Manuelle,6.0,Occasion,67000
Mercedes,AMG GT,2016,156000,Diesel,Automatique,9.0,Occasion,440000
Seat,Ibiza,2021,170,Essence,Manuelle,4.0,Occasion,43000
Renault,Clio,1997,333333,Essence,Manuelle,4.0,Occasion,12000
Fiat,AUTRE,2004,290000,Essence,Manuelle,6.0,Occasion,16300
Seat,Ateca,2021,150000,Essence,Manuelle,6.0,Occasion,85000
Fiat,UNO,1991,58857,Essence,Manuelle,5.0,Occasion,20000
Chery,A3,2018,120000,Essence,Manuelle,6.0,Occasion,30000
Renault,R19,2001,58857,Diesel,Manuelle,6.0,Occasion,9000
Mercedes,Classe C,2023,69000,Hybride,Automatique,12.0,Occasion,265000
Peugeot,206,2002,204,Essence,Manuelle,4.0,Occasion,18000
Ford,ECOSPORT,2018,56000,Essence,Manuelle,7.0,Occasion,53000
Audi,A4,2018,183000,Essence,Manuelle,8.0,Occasion,75000
Hyundai,TUCSON,2023,56000,Essence,Automatique,13.0,Occasion,130000
Kia,OPTIMA,2015,140000,Essence,Automatique,12.0,Occasion,48000
Volkswagen,Golf,2010,206101,Essence,Manuelle,7.0,Occasion,36500
Peugeot,3008,2020,75500,Essence,Automatique,7.0,Occasion,88000
Honda,AUTRE,2024,12000,Essence,Automatique,6.0,Occasion,73500
Fiat,500,2021,37000,Essence,Automatique,4.0,Occasion,53000
Mercedes,Classe V,2010,123456,Diesel,Manuelle,7.0,Occasion,23000
Kia,SPORTAGE,2018,214000,Diesel,Automatique,10.0,Occasion,90000
Peugeot,2008,2016,160000,Essence,Manuelle,5.0,Occasion,42500
Ford,FOCUS,2017,126000,Essence,Automatique,7.0,Occasion,37000
Peugeot,308,2012,187000,Essence,Manuelle,6.0,Occasion,28000
Renault,Kadjar,2021,81000,Essence,Automatique,7.0,Occasion,70000
Mahindra,KUV 100,2019,42000,Essence,Manuelle,5.0,Occasion,27900
Toyota,Yaris,2024,15200,Essence,Automatique,4.0,Occasion,74500
Opel,Insignia,2013,275,Essence,Manuelle,11.0,Occasion,27000
Peugeot,206,2007,350000,Essence,Manuelle,5.0,Occasion,13000
Chevrolet,CRUZE,2018,132000,Essence,Manuelle,7.0,Occasion,35800
Volkswagen,Golf,2011,300,Diesel,Manuelle,5.0,Occasion,38000
Fiat,PALIO WEEKEND,2000,270000,Essence,Manuelle,4.0,Occasion,10500
Volkswagen,Polo,2003,300,Essence,Manuelle,4.0,Occasion,18500
Audi,Q5,2019,84000,Diesel,Automatique,11.0,Occasion,245000
Citroen,JUMPY,2017,247000,Diesel,Manuelle,7.0,Occasion,55000
Mini,B,2009,260000,Essence,Manuelle,5.0,Occasion,24000
MG,MG RX8,2019,170000,Essence,Automatique,7.0,Occasion,50000
Peugeot,208,2020,80400,Essence,Manuelle,5.0,Occasion,31500
Opel,Corsa,2015,300,Essence,Manuelle,5.0,Occasion,23000
Chevrolet,AVEO,2015,58857,Essence,Manuelle,5.0,Occasion,24000
Opel,Autres,1997,330,Essence,Manuelle,4.0,Occasion,12500
Chevrolet,AUTRE,2019,120000,Essence,Manuelle,5.0,Occasion,34500
Audi,Q5,2010,362000,Diesel,Automatique,10.0,Occasion,68000
Citroen,C4,2013,224000,Essence,Manuelle,5.0,Occasion,30500
Renault,Megane,2003,219000,Diesel,Manuelle,5.0,Occasion,19000
Volkswagen,Polo,2007,277000,Essence,Manuelle,4.0,Occasion,22500
Dacia,DOKKER,2014,253000,Diesel,Manuelle,6.0,Occasion,26900
Volkswagen,Polo,2007,278000,Essence,Manuelle,4.0,Occasion,22500
Kia,CERATO,2010,180000,Essence,Manuelle,5.0,Occasion,29000
Suzuki,Celerio,2023,30000,Essence,Manuelle,4.0,Occasion,39000
Bmw,116,2013,170000,Essence,Automatique,7.0,Occasion,42000
Mercedes,Classe C,2004,230,Essence,Manuelle,12.0,Occasion,19000
Opel,Corsa,1982,210,Essence,Manuelle,4.0,Occasion,22630
Opel,Zafira,2013,127560,Diesel,Manuelle,9.0,Occasion,30000
Kia,RIO,2014,256000,Essence,Manuelle,5.0,Occasion,36000
Citroen,C4,2014,200000,Essence,Manuelle,6.0,Occasion,25000
Peugeot,207,2010,165000,Essence,Manuelle,6.0,Occasion,24000
Peugeot,2008,2021,81000,Essence,Manuelle,7.0,Occasion,50309
Mahindra,KUV 100,2021,76,Essence,Manuelle,5.0,Occasion,31000
Peugeot,106,1999,330000,Essence,Manuelle,4.0,Occasion,13000
Fiat,FREEMONT,2012,228000,Diesel,Manuelle,8.0,Occasion,33000
Ford,KUGA,2017,125000,Essence,Automatique,11.0,Occasion,72000
Volkswagen,Golf,2017,92000,Essence,Manuelle,6.0,Occasion,72000
Peugeot,208,2022,29000,Essence,Manuelle,4.0,Occasion,45000
Citroen,ZX,1997,376000,Essence,Manuelle,5.0,Occasion,7900
Mercedes,Classe Cla,2015,170000,Diesel,Manuelle,7.0,Occasion,78000
Kia,RIO,2013,135,Essence,Manuelle,5.0,Occasion,34500
MG,MG RX8,2022,60000,Essence,Automatique,9.0,Occasion,750000
Volkswagen,Polo,2010,178000,Essence,Manuelle,4.0,Occasion,29000
Volkswagen,Tiguan,2015,71000,Essence,Automatique,9.0,Occasion,72000
Nissan,Qashqai,2018,65000,Essence,Automatique,6.0,Occasion,65000
Hyundai,AUTRE,2025,90,Essence,Automatique,7.0,Occasion,85000
Seat,Leon,2016,178500,Essence,Manuelle,6.0,Occasion,41000
Chery,Tiggo,2021,28000,Essence,Automatique,6.0,Occasion,53000
Peugeot,308,2011,76000,Essence,Manuelle,6.0,Occasion,32500
Mitsubishi,Autres,2021,50000,Essence,Manuelle,4.0,Occasion,34000
Peugeot,107,2011,270,Essence,Manuelle,4.0,Occasion,24000
Ford,FOCUS,2018,165,Essence,Manuelle,6.0,Occasion,43000
Audi,A4,2017,188500,Essence,Automatique,8.0,Occasion,67500
Citroen,C4,2007,420000,Essence,Manuelle,7.0,Occasion,20000
Peugeot,206,2006,230000,Essence,Manuelle,5.0,Occasion,16000
Volkswagen,Golf,2016,146000,Diesel,Manuelle,5.0,Occasion,57000
Seat,Ibiza,2023,19000,Essence,Manuelle,6.0,Occasion,80000
Volkswagen,Golf 6,2010,298000,Essence,Manuelle,7.0,Occasion,41000
Hyundai,AUTRE,2021,21000,Essence,Automatique,7.0,Occasion,111111
Renault,Clio,2021,32300,Essence,Manuelle,4.0,Occasion,45500
Kia,RIO,2021,150000,Essence,Manuelle,5.0,Occasion,52000
Bmw,316,2014,140,Essence,Automatique,7.0,Occasion,58000
Citroen,C4,2014,140000,Essence,Manuelle,6.0,Occasion,32000
Ford,FOCUS,2018,156000,Essence,Automatique,7.0,Occasion,36500
Citroen,C3,2021,122000,Diesel,Manuelle,5.0,Occasion,49500
Peugeot,508,2012,225000,Essence,Automatique,7.0,Occasion,10000
Audi,A4,2006,58857,Diesel,Manuelle,9.0,Occasion,30000
Fiat,PANDA,2012,180,Essence,Manuelle,4.0,Occasion,25500
Peugeot,208,2022,58000,Essence,Manuelle,4.0,Occasion,37000
Bmw,116,2016,164000,Essence,Manuelle,6.0,Occasion,62000
Hyundai,VELOSTER,2019,81000,Essence,Automatique,10.0,Occasion,85000
Opel,Mokka,2025,16000,Essence,Automatique,7.0,Occasion,25000
Suzuki,Autres,2020,108000,Essence,Automatique,6.0,Occasion,48000
Volkswagen,Polo,2011,210,Essence,Manuelle,4.0,Occasion,387085
Peugeot,106,1996,58857,Essence,Manuelle,4.0,Occasion,11000
Nissan,Navara,2012,46500,Diesel,Manuelle,10.0,Occasion,46500
Volkswagen,Caddy,2010,319000,Diesel,Manuelle,8.0,Occasion,23500
Renault,Clio,2012,230,Diesel,Manuelle,6.0,Occasion,23000
Mazda,CX-5,2018,118000,Essence,Automatique,9.0,Occasion,89000
Volkswagen,Golf 7,2013,200000,Diesel,Manuelle,5.0,Occasion,48000
Bmw,316,2014,171000,Essence,Automatique,7.0,Occasion,55500
Mahindra,KUV 100,2020,60000,Essence,Manuelle,5.0,Occasion,31000
Peugeot,3008,2021,145000,Diesel,Manuelle,7.0,Occasion,79000
Toyota,C-HR,2022,40000,Essence,Automatique,6.0,Occasion,87000
Kia,RIO,2020,124,Essence,Automatique,6.0,Occasion,56000
Volkswagen,Passat,2013,200000,Essence,Manuelle,9.0,Occasion,43000
Volkswagen,Polo,2007,278000,Essence,Manuelle,4.0,Occasion,22000
Peugeot,308,2025,141000,Essence,Manuelle,6.0,Occasion,28000
Seat,Leon,2002,58857,Diesel,Manuelle,7.0,Occasion,20000
Mercedes,Classe C,2015,199000,Essence,Automatique,8.0,Occasion,70500
Citroen,C3 PICASSO,2010,296000,Essence,Manuelle,6.0,Occasion,28500
Peugeot,208,2017,146,Essence,Manuelle,5.0,Occasion,26300
Mazda,BT 50,2018,127000,Diesel,Manuelle,9.0,Occasion,60000
Ford,FIESTA,2012,200000,Essence,Manuelle,5.0,Occasion,25000
Ssangyong,Actyon,2011,250000,Diesel,Manuelle,7.0,Occasion,32000
MG,MG 5,2024,30000,Essence,Automatique,9.0,Occasion,68000
Mahindra,KUV 100,2020,80000,Essence,Manuelle,5.0,Occasion,30000
Renault,Megane,2008,364,Diesel,Manuelle,6.0,Occasion,23000
Volkswagen,Golf,2017,102282,Essence,Manuelle,6.0,Occasion,75000
Toyota,Yaris,2005,348000,Essence,Manuelle,4.0,Occasion,14500
MG,MG 5,2024,25000,Essence,Automatique,7.0,Occasion,55000
Opel,Corsa,2016,146000,Essence,Manuelle,5.0,Occasion,30000
Fiat,500,2012,200000,Essence,Manuelle,5.0,Occasion,28000
Peugeot,106,1997,372893,Essence,Manuelle,5.0,Occasion,13000
Hyundai,TUCSON,2021,99000,Hybride,Automatique,10.0,Occasion,110000
Kia,PICANTO,2022,74000,Essence,Manuelle,4.0,Occasion,39500
Volvo,S80,2012,353215,Diesel,Automatique,9.0,Occasion,37500
Ford,FOCUS,2006,275000,Essence,Manuelle,6.0,Occasion,10000
Volkswagen,Tiguan,2021,125000,Essence,Automatique,8.0,Occasion,125000
Opel,Corsa,2022,120,Essence,Manuelle,5.0,Occasion,37000
Volkswagen,Polo,2013,302,Essence,Manuelle,4.0,Occasion,19000
Isuzu,AUTRE,2000,570000,Diesel,Manuelle,10.0,Occasion,43000
Volkswagen,Golf 6,2009,235000,Essence,Manuelle,5.0,Occasion,32000
Skoda,Autres,2024,51000,Essence,Automatique,6.0,Occasion,72000
Hyundai,I10,2021,107000,Essence,Manuelle,4.0,Occasion,37000
Seat,Ateca,2024,41000,Essence,Automatique,8.0,Occasion,120000
Nissan,Qashqai,2016,290000,Diesel,Manuelle,5.0,Occasion,51000
Dacia,SANDERO,2015,190000,Essence,Manuelle,5.0,Occasion,36000
Peugeot,2008,2015,195000,Essence,Manuelle,5.0,Occasion,39000
Peugeot,206,2003,200000,Essence,Manuelle,4.0,Occasion,17800
Mahindra,KUV 100,2021,62800,Essence,Manuelle,5.0,Occasion,26000
Volkswagen,Tiguan,2017,88500,Essence,Automatique,8.0,Occasion,99000
Mercedes,Classe A,2019,56000,Essence,Automatique,8.0,Occasion,120000
Ssangyong,Actyon,2014,260000,Diesel,Manuelle,7.0,Occasion,38500
Volkswagen,Transporter,2011,585000,Diesel,Manuelle,8.0,Occasion,38000
Geely,MK-GL,2019,74000,Essence,Manuelle,6.0,Occasion,30000
Kia,RIO,2015,117000,Essence,Manuelle,5.0,Occasion,41000
Chevrolet,AVEO,2005,58857,Essence,Manuelle,5.0,Occasion,13000
Citroen,JUMPER,2011,58857,Diesel,Manuelle,7.0,Occasion,23000
Citroen,XSARA PICASSO,2005,58857,Essence,Manuelle,7.0,Occasion,30000
Toyota,RAV4,2014,170000,Essence,Automatique,9.0,Occasion,67000
Hyundai,I10,2024,60456,Essence,Manuelle,5.0,Occasion,48500
Kia,SPORTAGE,2019,100,Essence,Automatique,10.0,Occasion,125000
Volkswagen,Jetta,2016,135,Essence,Manuelle,7.0,Occasion,47000
Peugeot,407,2009,400000,Diesel,Manuelle,6.0,Occasion,23500
Kia,CERATO,2013,286000,Essence,Automatique,7.0,Occasion,38500
Renault,Megane,2005,290000,Diesel,Manuelle,7.0,Occasion,18000
Mahindra,KUV 100,2018,93000,Essence,Manuelle,5.0,Occasion,24500
Chevrolet,AUTRE,2007,297000,Essence,Manuelle,6.0,Occasion,18000
Peugeot,3008,2021,220000,Essence,Automatique,7.0,Occasion,73000
Ford,FIESTA,1993,58857,Essence,Manuelle,5.0,Occasion,9000
Mercedes,Classe E,2011,120000,Diesel,Automatique,14.0,Occasion,79000
Peugeot,206,2001,250,Essence,Manuelle,5.0,Occasion,18000
Bmw,316,2012,179000,Essence,Automatique,7.0,Occasion,45000
Citroen,C3,2004,199000,Essence,Manuelle,4.0,Occasion,22000
Peugeot,208,2017,113000,Essence,Manuelle,5.0,Occasion,23500
Citroen,AUTRE,2017,129000,Essence,Automatique,5.0,Occasion,24000
Hyundai,I20,2015,230000,Essence,Manuelle,4.0,Occasion,32500
Ford,FOCUS,2006,290,Essence,Manuelle,6.0,Occasion,18500
MG,MG RX8,2020,80000,Essence,Manuelle,7.0,Occasion,56000
